player_name,team_name,match_no,goals,assists,xg,BCM,dribbles,Chances_Created
Aaron Hickey,Scotland,7,0,0,0.0,0,0,2
Aaron Wan-Bissaka,DR Congo,21,0,0,0.0,0,1,0
Aaron Wan-Bissaka,DR Congo,48,0,0,0.0,0,0,0
Aaron Wan-Bissaka,DR Congo,70,0,0,0.0,0,1,3
Abbosbek Fayzullaev,Uzbekistan,24,1,0,0.98,0,0,0
Abbosbek Fayzullaev,Uzbekistan,45,0,0,0.02,0,0,1
Abbosbek Fayzullaev,Uzbekistan,70,0,0,0.05,0,0,0
Abdallah Nasib,Jordan,20,0,0,0.0,0,0,0
Abdallah Nasib,Jordan,44,0,0,0.0,0,0,0
Abdallah Nasib,Jordan,72,0,0,0.0,0,0,0
Abdelaziz Hatem,Qatar,49,0,0,0.0,0,0,1
Abdelmouhib Chamakh,Tunisia,12,0,0,0.0,0,0,0
Abdoulaye Seck,Senegal,62,0,1,0.05,0,0,1
Abdukodir Khusanov,Uzbekistan,24,0,0,0.0,0,0,0
Abdukodir Khusanov,Uzbekistan,45,0,0,0.0,0,1,0
Abdukodir Khusanov,Uzbekistan,70,0,0,0.0,0,0,0
Abdul Fatawu Issahaku,Ghana,23,0,0,0.02,0,1,1
Abdul Fatawu Issahaku,Ghana,46,0,0,0.0,0,1,0
Abdul Fatawu Issahaku,Ghana,67,0,0,0.04,0,2,1
Abdulelah Al-Amri,Saudi Arabia,15,1,0,0.49,0,0,0
Abdulelah Al-Amri,Saudi Arabia,37,0,0,0.08,0,0,0
Abdulelah Al-Amri,Saudi Arabia,63,0,0,0.01,0,0,1
Abdulkerim Bardakci,Türkiye,8,0,0,0.03,0,1,0
Abdulkerim Bardakci,Türkiye,32,0,0,0.02,0,1,2
Abdulkerim Bardakci,Türkiye,60,0,0,0.06,0,1,0
Abdulla Abdullaev,Uzbekistan,24,0,0,0.0,0,0,0
Abdulla Abdullaev,Uzbekistan,45,0,0,0.0,0,0,0
Abdullah Al-Hamdan,Saudi Arabia,15,0,0,0.0,0,0,0
Abdullah Al-Hamdan,Saudi Arabia,37,0,0,0.02,0,1,0
Abdullah Al-Hamdan,Saudi Arabia,63,0,0,0.14,0,0,0
Abdullah Al-Khaibari,Saudi Arabia,15,0,0,0.03,0,1,0
Abdullah Al-Khaibari,Saudi Arabia,37,0,0,0.0,0,1,0
Abdullah Al-Khaibari,Saudi Arabia,63,0,0,0.0,0,0,0
Abduvokhid Nematov,Uzbekistan,45,0,0,0.0,0,0,0
Abduvokhid Nematov,Uzbekistan,70,0,0,0.0,0,0,0
Achraf Hakimi,Morocco,6,0,0,0.18,0,0,3
Achraf Hakimi,Morocco,30,0,0,0.31,0,1,1
Achraf Hakimi,Morocco,51,1,1,1.34,0,5,7
Adam Hlozek,Czechia,2,0,0,0.18,0,0,0
Adam Hlozek,Czechia,25,0,0,0.04,0,0,0
Adam Hlozek,Czechia,53,0,0,0.0,0,1,2
Adil Boulbina,Algeria,19,0,0,0.0,0,0,0
Adrien Rabiot,France,17,0,1,0.0,0,0,2
Adrien Rabiot,France,42,0,0,0.57,1,0,0
Agustín Canobbio,Uruguay,15,0,0,0.02,0,1,0
Agustín Canobbio,Uruguay,39,1,0,0.62,0,0,2
Agustín Canobbio,Uruguay,64,0,0,0.07,0,0,0
Ahmadou Bamba Dieng,Senegal,17,0,0,0.0,0,0,0
Ahmed Al-Ganehi,Qatar,49,0,0,0.04,0,1,1
Ahmed Alaaeldin,Qatar,5,0,0,0.11,0,0,0
Ahmed Alaaeldin,Qatar,49,0,0,0.0,0,0,0
Ahmed Basil,Iraq,42,0,0,0.0,0,0,0
Ahmed Basil,Iraq,62,0,0,0.0,0,0,0
Ahmed Fathi,Qatar,5,0,0,0.0,0,0,1
Ahmed Fathi,Qatar,27,0,0,0.0,0,0,0
Ahmed Fathi,Qatar,49,0,0,0.0,0,0,0
Ahmed Fatouh,Egypt,14,0,0,0.0,0,0,1
Ahmed Fatouh,Egypt,40,0,0,0.06,0,1,1
Ahmed Fatouh,Egypt,65,0,0,0.0,0,2,2
Ahmed Hasan Maknazi,Iraq,62,0,0,0.0,0,2,0
Ahmed Nadhir Benbouali,Algeria,44,1,0,0.12,0,1,0
Ahmed Qasem,Iraq,18,0,0,0.0,0,0,0
Ahmed Qasem,Iraq,42,0,0,0.0,0,1,1
Ahmed Qasem,Iraq,62,0,0,0.0,0,0,0
Aiden O'Neill,Australia,8,0,0,0.0,0,1,1
Aiden O'Neill,Australia,29,0,0,0.0,0,1,0
Aiden O'Neill,Australia,59,0,0,0.02,0,1,2
Aimar Sher,Iraq,42,0,0,0.0,0,0,0
Aïssa Mandi,Algeria,19,0,0,0.0,0,0,1
Aïssa Mandi,Algeria,44,0,0,0.0,0,0,0
Aïssa Mandi,Algeria,71,0,0,0.0,0,0,1
Ajdin Hrustic,Australia,59,0,0,0.04,0,0,2
Akam Hashem,Iraq,18,0,0,0.03,0,3,0
Akam Hashem,Iraq,42,0,0,0.0,0,1,0
Akam Hashem,Iraq,62,0,0,0.0,0,0,0
Akmal Mozgovoy,Uzbekistan,24,0,0,0.07,0,1,0
Akmal Mozgovoy,Uzbekistan,45,0,0,0.0,0,0,0
Akmal Mozgovoy,Uzbekistan,70,0,1,0.0,0,0,1
Akram Afif,Qatar,5,0,0,0.0,0,0,2
Akram Afif,Qatar,27,0,0,0.0,0,0,0
Akram Afif,Qatar,49,0,0,0.09,0,0,2
Ala'a Al-Hejji,Saudi Arabia,15,0,0,0.0,0,0,0
Ala'a Al-Hejji,Saudi Arabia,37,0,0,0.0,0,0,0
Alan Franco,Ecuador,11,0,0,0.0,0,0,1
Alan Franco,Ecuador,35,0,0,0.0,0,0,0
Alan Franco,Ecuador,56,0,0,0.0,0,0,0
Alan Minda,Ecuador,11,0,0,0.37,1,0,0
Alberto Quintero,Panama,68,0,0,0.0,0,0,0
Alejandro Romero,Paraguay,4,0,0,0.0,0,0,0
Aleksandar Pavlovic,Germany,9,0,0,0.4,0,1,1
Aleksandar Pavlovic,Germany,34,0,0,0.0,0,0,1
Aleksandar Pavlovic,Germany,56,0,0,0.0,0,1,0
Alessandro Circati,Australia,8,0,0,0.51,0,1,0
Alessandro Circati,Australia,29,0,0,0.03,0,1,0
Alessandro Circati,Australia,59,0,0,0.0,0,1,0
Alex Arce,Paraguay,4,0,0,0.0,0,0,1
Alex Arce,Paraguay,59,0,0,0.0,0,0,1
Alex Baena,Spain,37,0,0,0.05,0,0,2
Alex Baena,Spain,64,1,0,0.14,0,0,1
Alex Sandro,Brazil,52,0,0,0.0,0,0,0
Alex Zendejas,USA,60,0,0,0.02,0,0,0
Alexander Bernhardsson,Sweden,12,0,0,0.0,0,1,0
Alexander Bernhardsson,Sweden,33,0,0,0.0,0,0,1
Alexander Bernhardsson,Sweden,57,0,0,0.04,0,1,0
Alexander Freeman,USA,4,0,1,0.0,0,2,1
Alexander Freeman,USA,29,1,0,0.34,0,2,1
Alexander Freeman,USA,60,0,0,0.0,0,0,1
Alexander Isak,Sweden,12,1,2,0.32,1,0,2
Alexander Isak,Sweden,33,0,1,0.02,0,1,4
Alexander Isak,Sweden,57,0,0,0.16,0,0,1
Alexander Prass,Austria,41,0,0,0.0,0,0,0
Alexander Schlager,Austria,20,0,0,0.0,0,0,0
Alexander Schlager,Austria,41,0,0,0.0,0,0,0
Alexander Schlager,Austria,71,0,0,0.0,0,0,0
Alexander Sørloth,Norway,18,0,0,0.19,0,0,1
Alexander Sørloth,Norway,43,0,0,0.0,0,0,0
Alexandr Sojka,Czechia,2,0,0,0.0,0,1,1
Alexandr Sojka,Czechia,25,0,1,0.0,0,1,1
Alexandr Sojka,Czechia,53,0,0,0.0,0,0,1
Alexandro Maidana,Paraguay,32,0,0,0.0,0,0,0
Alexandro Maidana,Paraguay,59,0,0,0.0,0,0,0
Alexis Mac Allister,Argentina,19,0,0,0.08,0,0,1
Alexis Mac Allister,Argentina,41,0,0,0.0,0,0,0
Alexis Mac Allister,Argentina,72,0,0,0.0,0,0,0
Alexis Saelemaekers,Belgium,38,0,0,0.08,0,2,0
Alexis Saelemaekers,Belgium,66,1,0,0.1,0,0,0
Alexis Vega,Mexico,1,0,0,0.0,0,0,0
Alhashmi Mohialdin,Qatar,27,0,0,0.0,0,0,0
Ali Abdi,Tunisia,12,0,0,0.0,0,1,0
Ali Abdi,Tunisia,36,0,0,0.0,0,1,0
Ali Abdi,Tunisia,58,0,0,0.06,0,0,0
Ali Ahmed,Canada,3,0,0,0.0,0,1,0
Ali Ahmed,Canada,27,0,0,0.16,0,0,2
Ali Ahmed,Canada,50,0,0,0.07,0,0,0
Ali Al Azaizah,Jordan,20,0,0,0.02,0,1,0
Ali Al Azaizah,Jordan,44,0,0,0.0,0,0,0
Ali Al Azaizah,Jordan,72,0,0,0.05,0,1,0
Ali Al-Hamadi,Iraq,18,0,0,0.23,0,1,1
Ali Al-Hamadi,Iraq,42,0,0,0.54,1,1,0
Ali Al-Hamadi,Iraq,62,0,0,0.0,0,0,1
Ali Alipour,Iran,16,0,0,0.06,0,0,0
Ali Jasim,Iraq,18,0,0,0.0,0,2,1
Ali Jasim,Iraq,62,0,0,0.1,0,0,0
Ali Lajami,Saudi Arabia,15,0,0,0.0,0,0,0
Ali Lajami,Saudi Arabia,37,0,0,0.0,0,0,0
Ali Lajami,Saudi Arabia,63,0,0,0.0,0,0,0
Ali Nemati,Iran,16,0,0,0.08,0,0,2
Ali Nemati,Iran,38,0,0,0.0,0,0,0
Ali Nemati,Iran,65,0,0,0.0,0,0,0
Ali Olwan,Jordan,20,1,0,0.25,0,3,0
Ali Olwan,Jordan,44,0,0,0.03,0,2,2
Ali Olwan,Jordan,72,0,0,0.0,0,1,2
Ali Yousif,Iraq,62,0,0,0.0,0,0,0
Alireza Beiranvand,Iran,16,0,0,0.0,0,1,0
Alireza Beiranvand,Iran,38,0,0,0.0,0,1,0
Alireza Beiranvand,Iran,65,0,0,0.0,0,1,0
Alireza Jahanbakhsh,Iran,38,0,0,0.08,0,1,0
Alireza Jahanbakhsh,Iran,65,0,0,0.0,0,0,1
Alisson,Brazil,6,0,0,0.0,0,0,0
Alisson,Brazil,31,0,0,0.0,0,1,0
Alisson,Brazil,52,0,0,0.0,0,0,0
Alistair Johnston,Canada,3,0,0,0.06,0,1,1
Alistair Johnston,Canada,27,0,0,0.05,0,1,6
Alistair Johnston,Canada,50,0,0,0.13,1,0,2
Almoez Ali,Qatar,49,0,0,0.07,0,0,0
Alvaro Fidalgo,Mexico,1,0,0,0.0,0,0,1
Alvaro Fidalgo,Mexico,53,1,0,0.21,0,0,0
Amad Diallo,Ivory Coast,11,1,0,0.19,0,6,1
Amad Diallo,Ivory Coast,34,0,0,0.3,1,0,2
Amad Diallo,Ivory Coast,55,0,0,0.37,0,1,0
Amadou Onana,Belgium,14,0,0,0.0,0,0,0
Amadou Onana,Belgium,66,0,0,0.05,0,0,0
Amar Dedic,Bosnia and Herzegovina,3,0,0,0.0,0,0,0
Amar Dedic,Bosnia and Herzegovina,26,0,0,0.03,0,3,0
Amar Memic,Bosnia and Herzegovina,3,0,0,0.05,0,0,0
Amar Memic,Bosnia and Herzegovina,26,0,0,0.02,0,1,0
Amar Memic,Bosnia and Herzegovina,49,0,0,0.0,0,0,0
Amer Jamous,Jordan,72,0,0,0.0,0,0,0
Amine Ben Hmida,Tunisia,12,0,0,0.0,0,0,0
Amine Ben Hmida,Tunisia,36,0,0,0.0,0,0,0
Amine Ben Hmida,Tunisia,58,0,0,0.0,0,0,0
Amine Gouiri,Algeria,19,0,0,0.0,0,0,0
Amine Gouiri,Algeria,44,1,0,0.49,0,1,1
Amine Gouiri,Algeria,71,0,0,0.0,0,0,0
Amir Al-Ammari,Iraq,18,0,1,0.0,0,0,3
Amir Al-Ammari,Iraq,42,0,0,0.0,0,1,0
Amir Al-Ammari,Iraq,62,0,0,0.0,0,0,1
Amir Hadziahmetovic,Bosnia and Herzegovina,26,0,0,0.0,0,0,0
Amir Murillo,Panama,23,0,0,0.0,0,1,3
Amir Murillo,Panama,47,0,0,0.13,0,2,1
Amir Murillo,Panama,68,0,0,0.16,0,2,2
Amirhossein Hosseinzadeh,Iran,16,0,0,0.0,0,0,1
Amirhossein Hosseinzadeh,Iran,38,0,0,0.05,0,0,0
Anass Salah-Eddine,Morocco,6,0,0,0.0,0,0,0
Anass Salah-Eddine,Morocco,51,0,0,0.0,0,0,1
Andreas Schjelderup,Norway,18,0,0,0.0,0,0,1
Andreas Schjelderup,Norway,43,0,0,0.0,0,1,1
Andreas Schjelderup,Norway,61,0,1,0.0,0,1,1
Andrej Kramarić,Croatia,22,0,0,0.01,0,0,0
Andrej Kramarić,Croatia,47,0,0,0.0,0,0,0
Andrés Andrade,Panama,23,0,0,0.0,0,0,0
Andrés Andrade,Panama,47,0,0,0.0,0,1,0
Andrés Andrade,Panama,68,0,0,0.0,0,0,0
Andres Cubas,Paraguay,4,0,0,0.0,0,0,0
Andres Cubas,Paraguay,32,0,0,0.0,0,0,0
Andres Cubas,Paraguay,59,0,0,0.02,0,1,1
Andrés Gómez,Colombia,24,0,0,0.0,0,0,0
Andy Robertson,Scotland,7,0,0,0.0,0,1,2
Andy Robertson,Scotland,30,0,0,0.0,0,0,1
Andy Robertson,Scotland,52,0,0,0.0,0,0,0
Ange-Yoan Bonny,Ivory Coast,11,0,0,0.0,0,1,0
Ange-Yoan Bonny,Ivory Coast,34,0,0,0.05,0,0,0
Ange-Yoan Bonny,Ivory Coast,55,0,0,0.0,0,0,0
Angelo Preciado,Ecuador,11,0,0,0.0,0,0,0
Angelo Preciado,Ecuador,35,0,0,0.0,0,1,0
Angelo Preciado,Ecuador,56,0,0,0.0,0,0,0
Angelo Stiller,Germany,56,0,0,0.0,0,0,0
Angus Gunn,Scotland,7,0,0,0.0,0,0,0
Angus Gunn,Scotland,30,0,0,0.0,0,0,0
Angus Gunn,Scotland,52,0,0,0.0,0,0,0
Aníbal Godoy,Panama,23,0,0,0.0,0,0,0
Anis Ben Slimane,Tunisia,12,0,0,0.0,0,0,1
Anis Ben Slimane,Tunisia,36,0,0,0.0,0,0,0
Anis Ben Slimane,Tunisia,58,0,0,0.13,1,0,1
Anis Hadj Moussa,Algeria,19,0,0,0.04,0,1,1
Anis Hadj Moussa,Algeria,44,0,0,0.11,0,1,2
Ante Budimir,Croatia,47,1,0,0.8,0,1,0
Ante Budimir,Croatia,67,0,0,0.0,0,0,0
Anthony Elanga,Sweden,12,0,0,0.0,0,0,0
Anthony Elanga,Sweden,33,1,0,0.3,0,1,0
Anthony Elanga,Sweden,57,1,0,0.08,0,1,0
Anthony Gordon,England,22,0,0,0.27,1,0,0
Anthony Gordon,England,46,0,0,0.03,0,2,2
Antoine Semenyo,Ghana,23,0,0,0.11,0,0,1
Antoine Semenyo,Ghana,46,0,0,0.0,0,1,0
Antoine Semenyo,Ghana,67,0,0,0.02,1,1,0
Antonee Robinson,USA,4,0,0,0.0,0,2,1
Antonee Robinson,USA,29,0,0,0.0,0,3,1
Antonio Nusa,Norway,18,0,0,0.0,0,2,0
Antonio Nusa,Norway,43,0,0,0.09,0,0,1
Antonio Nusa,Norway,61,0,0,0.0,0,1,0
Antonio Rudiger,Germany,9,0,0,0.0,0,0,0
Antonio Rudiger,Germany,34,0,0,0.02,0,0,0
Antonio Rudiger,Germany,56,0,0,0.0,0,0,0
Antonio Sanabria,Paraguay,4,0,0,0.0,0,0,1
Ao Tanaka,Japan,36,0,0,0.03,0,0,0
Ao Tanaka,Japan,57,0,0,0.05,0,3,1
Arda Guler,Türkiye,8,0,0,0.26,0,1,2
Arda Guler,Türkiye,32,0,0,0.25,0,0,3
Arda Guler,Türkiye,60,1,0,0.53,0,3,0
Ardon Jashari,Switzerland,5,0,0,0.01,0,0,0
Aria Yousefi,Iran,16,0,0,0.05,0,0,1
Arjan Malic,Bosnia and Herzegovina,49,0,0,0.0,0,0,0
Armando Gonzalez,Mexico,1,0,0,0.0,0,0,0
Armando Obispo,Curaçao,9,0,0,0.0,0,0,0
Armando Obispo,Curaçao,35,0,0,0.0,0,1,0
Armando Obispo,Curaçao,55,0,0,0.0,0,0,0
Armin Gigovic,Bosnia and Herzegovina,3,0,0,0.0,0,1,0
Arthur Masuaku,DR Congo,21,0,1,0.0,0,1,2
Arthur Masuaku,DR Congo,48,0,0,0.0,0,0,1
Arthur Masuaku,DR Congo,70,0,0,0.0,0,0,2
Arthur Theate,Belgium,38,0,0,0.0,0,0,1
Arthur Theate,Belgium,66,0,0,0.19,0,0,0
Assane Diao,Senegal,62,0,0,0.0,0,1,0
Assim Madibo,Qatar,5,0,0,0.0,0,0,0
Assim Madibo,Qatar,27,0,0,0.0,0,0,0
Aubrey Modiba,South Africa,1,0,0,0.02,0,0,0
Aubrey Modiba,South Africa,25,0,0,0.13,0,0,2
Aubrey Modiba,South Africa,54,0,0,0.01,0,0,1
Aurélien Tchouaméni,France,17,0,0,0.0,0,0,0
Aurélien Tchouaméni,France,61,0,1,0.04,0,1,2
Auston Trusty,USA,29,0,0,0.0,0,0,0
Auston Trusty,USA,60,1,0,0.3,1,0,0
Axel Tuanzebe,DR Congo,21,0,0,0.0,0,0,0
Axel Tuanzebe,DR Congo,48,0,0,0.0,0,0,0
Axel Tuanzebe,DR Congo,70,0,0,0.0,0,0,0
Ayase Ueda,Japan,10,0,0,0.1,0,1,1
Ayase Ueda,Japan,36,2,1,0.54,1,1,2
Ayase Ueda,Japan,57,0,0,0.08,0,0,0
Aymen Dahmen,Tunisia,36,0,0,0.0,0,0,0
Aymen Dahmen,Tunisia,58,0,0,0.0,0,0,0
Aymen Hussein,Iraq,18,1,0,0.2,0,0,1
Aymen Hussein,Iraq,42,0,0,0.0,0,0,0
Aymeric Laporte,Spain,13,0,0,0.07,0,0,0
Aymeric Laporte,Spain,37,0,1,0.0,0,0,2
Aymeric Laporte,Spain,64,0,0,0.0,0,0,1
Ayoub Al Oui,Qatar,5,0,0,0.0,0,0,0
Ayoub Al Oui,Qatar,27,0,0,0.0,0,0,0
Ayoub El Kaabi,Morocco,51,0,0,0.17,0,1,0
Ayoube Amaimouni Echghouyab,Morocco,6,0,0,0.14,1,0,0
Ayoube Amaimouni Echghouyab,Morocco,30,0,0,0.09,0,1,0
Ayumu Seko,Japan,36,0,0,0.0,0,0,1
Ayumu Seko,Japan,57,0,0,0.0,0,0,0
Ayyoub Bouaddi,Morocco,6,0,0,0.0,0,3,0
Ayyoub Bouaddi,Morocco,30,0,0,0.01,0,0,0
Azarias Londoño,Panama,23,0,0,0.0,0,0,2
Azarias Londoño,Panama,47,0,0,0.0,0,2,0
Azarias Londoño,Panama,68,0,0,0.02,0,0,0
Aziz Behich,Australia,8,0,0,0.0,0,0,0
Aziz Behich,Australia,59,0,0,0.0,0,1,0
Azizbek Amanov,Uzbekistan,24,0,0,0.02,0,0,1
Azizjon Ganiev,Uzbekistan,45,0,0,0.01,0,1,0
Azizjon Ganiev,Uzbekistan,70,0,0,0.0,0,0,0
Azzedine Ounahi,Morocco,6,0,0,0.0,0,4,2
Azzedine Ounahi,Morocco,30,0,0,0.0,0,0,2
Azzedine Ounahi,Morocco,51,0,0,0.01,0,0,0
Baris Alper Yilmaz,Türkiye,8,0,0,0.0,0,0,0
Baris Alper Yilmaz,Türkiye,32,0,0,0.02,0,3,1
Baris Alper Yilmaz,Türkiye,60,1,1,0.88,1,0,2
Bart Verbruggen,Netherlands,10,0,0,0.0,0,0,0
Bart Verbruggen,Netherlands,33,0,0,0.0,0,0,0
Bart Verbruggen,Netherlands,58,0,0,0.0,0,0,0
Bazoumana Toure,Ivory Coast,11,0,0,0.0,0,0,0
Bazoumana Toure,Ivory Coast,55,0,0,0.0,0,1,0
Bekhruz Karimov,Uzbekistan,24,0,0,0.03,0,2,1
Bekhruz Karimov,Uzbekistan,45,0,0,0.0,0,4,1
Ben Gannon-Doak,Scotland,7,0,0,0.06,0,2,2
Ben Gannon-Doak,Scotland,30,0,0,0.0,0,2,0
Ben Gannon-Doak,Scotland,52,0,0,0.11,0,0,0
Benjamin Asare,Ghana,23,0,0,0.0,0,0,0
Benjamin Asare,Ghana,46,0,0,0.0,0,0,0
Benjamin Asare,Ghana,67,0,0,0.0,0,0,0
Benjamin Nygren,Sweden,12,0,0,0.0,0,2,1
Benjamin Nygren,Sweden,33,0,0,0.05,0,0,0
Benjamin Nygren,Sweden,57,0,0,0.0,0,0,1
Benjamin Old,New Zealand,16,0,0,0.0,0,0,0
Benjamin Old,New Zealand,40,0,0,0.0,0,0,0
Benjamin Old,New Zealand,66,0,0,0.0,0,1,0
Benjamin Tahirovic,Bosnia and Herzegovina,3,0,0,0.02,0,0,0
Benjamin Tahirovic,Bosnia and Herzegovina,26,0,0,0.0,0,0,0
Benjamin Tahirovic,Bosnia and Herzegovina,49,0,0,0.0,0,0,0
Bernardo Silva,Portugal,21,0,0,0.0,0,0,0
Bernardo Silva,Portugal,45,0,0,0.0,0,0,0
Besfort Zeneli,Sweden,33,0,0,0.01,0,0,0
Bilal El Khannouss,Morocco,6,0,0,0.02,0,2,2
Bilal El Khannouss,Morocco,30,0,0,0.18,1,0,1
Bilal El Khannouss,Morocco,51,0,0,0.09,0,5,3
Bono,Morocco,6,0,0,0.0,0,0,0
Bono,Morocco,30,0,0,0.0,0,0,0
Bono,Morocco,51,0,0,0.0,0,0,0
Boualem Khoukhi,Qatar,5,0,0,0.0,0,0,0
Boualem Khoukhi,Qatar,27,0,0,0.04,0,0,0
Boualem Khoukhi,Qatar,49,0,0,0.02,0,0,0
Bradley Barcola,France,17,1,0,0.43,0,1,0
Bradley Barcola,France,42,0,0,0.02,0,2,0
Bradley Barcola,France,61,0,1,0.0,0,0,2
Brahim Diaz,Morocco,6,0,1,0.1,0,1,2
Brahim Diaz,Morocco,30,0,1,0.04,0,3,3
Brahim Diaz,Morocco,51,0,0,0.23,1,1,1
Brandley Kuwas,Curaçao,55,0,0,0.0,0,0,0
Brandon Mechele,Belgium,14,0,0,0.33,1,0,0
Brandon Mechele,Belgium,38,0,0,0.07,0,0,0
Brandon Mechele,Belgium,66,0,0,0.07,0,1,0
Brandon Thomas-Asante,Ghana,23,0,0,0.06,0,1,0
Brandon Thomas-Asante,Ghana,67,0,0,0.0,0,0,0
Breel Embolo,Switzerland,5,1,0,1.14,1,1,5
Breel Embolo,Switzerland,26,0,1,0.15,0,0,2
Breel Embolo,Switzerland,50,0,1,0.67,1,2,1
Brenden Aaronson,USA,60,0,0,0.54,1,0,2
Brian Brobbey,Netherlands,10,0,0,0.0,0,0,0
Brian Brobbey,Netherlands,33,2,0,1.29,0,0,2
Brian Brobbey,Netherlands,58,1,0,0.54,0,0,3
Brian Cipenga,DR Congo,70,0,0,0.08,0,6,0
Brian Gutierrez,Mexico,1,0,0,0.18,0,0,3
Brian Gutierrez,Mexico,28,0,0,0.02,0,0,1
Brian Rodríguez,Uruguay,15,0,0,0.04,0,0,1
Brian Rodríguez,Uruguay,39,0,0,0.07,0,1,1
Brian Rodríguez,Uruguay,64,0,0,0.0,0,1,0
Bruno Fernandes,Portugal,21,0,0,0.07,0,0,1
Bruno Fernandes,Portugal,45,0,1,0.12,0,1,2
Bruno Fernandes,Portugal,69,0,0,0.3,1,0,1
Bruno Guimaraes,Brazil,6,0,1,0.01,0,1,1
Bruno Guimaraes,Brazil,31,0,0,0.0,0,0,1
Bruno Guimaraes,Brazil,52,0,2,0.03,0,1,3
Bukayo Saka,England,22,0,1,0.0,0,1,1
Bukayo Saka,England,46,0,0,0.15,0,1,0
Bukayo Saka,England,68,0,1,0.12,0,1,1
Caglar Soyuncu,Türkiye,60,0,0,0.0,0,0,0
Caleb Yirenkyi,Ghana,23,1,0,1.0,0,3,0
Caleb Yirenkyi,Ghana,46,0,0,0.0,0,0,0
Caleb Yirenkyi,Ghana,67,0,0,0.0,0,0,0
Callan Elliot,New Zealand,16,0,0,0.0,0,0,0
Callum McCowatt,New Zealand,16,0,0,0.04,0,2,0
Callum McCowatt,New Zealand,40,0,0,0.3,1,0,0
Callum McCowatt,New Zealand,66,0,0,0.0,0,0,0
Cameron Burgess,Australia,8,0,0,0.0,0,0,0
Cameron Burgess,Australia,29,0,0,0.0,0,0,0
Camilo Vargas,Colombia,24,0,0,0.0,0,0,0
Camilo Vargas,Colombia,48,0,0,0.0,0,0,1
Camilo Vargas,Colombia,69,0,0,0.0,0,0,0
Can Uzun,Türkiye,32,0,0,0.29,1,1,4
Can Uzun,Türkiye,60,0,0,0.21,0,1,0
Carl Starfelt,Sweden,57,0,0,0.0,0,0,0
Carlens Arcus,Haiti,7,0,0,0.0,0,0,1
Carlens Arcus,Haiti,31,0,0,0.0,0,0,0
Carlens Arcus,Haiti,51,0,0,0.0,0,0,0
Carlos Harvey,Panama,23,0,0,0.05,0,0,2
Carlos Harvey,Panama,47,0,0,0.16,0,1,0
Carlos Harvey,Panama,68,0,0,0.1,0,2,1
Carney Chukwuemeka,Austria,20,0,0,0.2,1,0,0
Carney Chukwuemeka,Austria,41,0,0,0.0,0,0,0
Casemiro,Brazil,6,0,0,0.0,0,0,1
Casemiro,Brazil,31,0,0,0.0,0,0,0
Casemiro,Brazil,52,0,0,0.02,0,0,0
Cecilio Waterman,Panama,23,0,0,0.06,0,0,0
Cecilio Waterman,Panama,47,0,0,0.02,0,0,1
Cédric Bakambu,DR Congo,21,0,0,0.17,0,2,1
Cédric Bakambu,DR Congo,48,0,0,0.07,0,0,0
Cédric Bakambu,DR Congo,70,0,0,0.0,0,0,0
Cedric Itten,Switzerland,26,0,0,0.0,0,0,0
Cedric Itten,Switzerland,50,0,0,0.0,0,0,0
César Blackman,Panama,23,0,0,0.04,0,0,0
César Blackman,Panama,47,0,0,0.0,0,2,0
Cesar Huerta,Mexico,28,0,0,0.0,0,1,0
Cesar Montes,Mexico,1,0,0,0.0,0,0,0
Cesar Montes,Mexico,53,0,0,0.0,0,0,0
Chadi Riad,Morocco,6,0,0,0.0,0,2,0
Chadi Riad,Morocco,30,0,0,0.0,0,0,0
Chadi Riad,Morocco,51,0,1,0.03,0,0,1
Chancel Mbemba,DR Congo,21,0,0,0.0,0,0,1
Chancel Mbemba,DR Congo,48,0,0,0.0,0,0,0
Chancel Mbemba,DR Congo,70,0,0,0.05,0,0,0
Charles De Ketelaere,Belgium,14,0,0,0.0,0,2,1
Charles De Ketelaere,Belgium,66,0,0,0.2,0,1,2
Charles Pickel,DR Congo,21,0,0,0.0,0,0,0
Charles Pickel,DR Congo,48,0,0,0.06,0,0,0
Che Adams,Scotland,7,0,0,0.58,1,0,0
Che Adams,Scotland,30,0,0,0.0,0,0,1
Che Adams,Scotland,52,0,0,0.0,0,0,0
Chemsdine Talbi,Morocco,6,0,0,0.0,0,0,0
Chemsdine Talbi,Morocco,30,0,0,0.05,0,0,1
Chris Richards,USA,4,0,0,0.03,0,0,0
Chris Richards,USA,29,0,0,0.0,0,0,0
Chris Wood,New Zealand,16,0,2,0.22,0,0,4
Chris Wood,New Zealand,40,0,0,0.06,0,0,1
Chris Wood,New Zealand,66,0,0,0.0,0,0,2
Christ Inao Oulai,Ivory Coast,11,0,0,0.03,0,0,0
Christ Inao Oulai,Ivory Coast,34,0,0,0.2,0,5,1
Christ Inao Oulai,Ivory Coast,55,0,0,0.0,0,0,0
Christian Fassnacht,Switzerland,50,0,0,0.0,0,0,0
Christian Pulisic,USA,4,0,1,0.0,0,3,2
Christian Pulisic,USA,60,0,0,0.58,1,1,1
Christopher Operi,Ivory Coast,55,0,0,0.0,0,1,0
Cody Gakpo,Netherlands,10,0,0,0.2,0,1,1
Cody Gakpo,Netherlands,33,2,1,1.16,0,2,1
Cody Gakpo,Netherlands,58,0,0,0.12,0,0,1
Connor Metcalfe,Australia,8,1,0,0.03,0,1,1
Connor Metcalfe,Australia,29,0,0,0.04,0,0,0
Connor Metcalfe,Australia,59,0,0,0.02,0,0,1
Cristian Martínez,Panama,23,0,0,0.09,1,0,0
Cristian Martínez,Panama,47,0,0,0.0,0,0,0
Cristian Martínez,Panama,68,0,0,0.0,0,1,3
Cristian Romero,Argentina,19,0,0,0.0,0,0,0
Cristian Romero,Argentina,41,0,0,0.0,0,0,0
Cristian Volpato,Australia,29,0,0,0.15,0,5,1
Cristian Volpato,Australia,59,0,0,0.02,0,3,3
Cristiano Ronaldo,Portugal,21,0,0,0.46,0,0,0
Cristiano Ronaldo,Portugal,45,2,0,1.6,3,0,0
Cristiano Ronaldo,Portugal,69,0,0,0.13,0,0,0
Crysencio Summerville,Netherlands,10,1,0,0.02,0,1,0
Crysencio Summerville,Netherlands,33,1,1,0.09,0,1,1
Crysencio Summerville,Netherlands,58,0,0,0.0,0,1,0
Cyle Larin,Canada,3,1,0,0.21,0,0,1
Cyle Larin,Canada,27,1,0,1.58,2,0,1
Cyle Larin,Canada,50,0,0,0.13,0,1,0
Daichi Kamada,Japan,10,1,0,0.14,0,1,1
Daichi Kamada,Japan,36,1,0,0.73,0,0,1
Daichi Kamada,Japan,57,0,0,0.0,0,1,2
Dailon Rocha Livramento,Cape Verde,13,0,0,0.02,0,0,0
Dailon Rocha Livramento,Cape Verde,63,0,0,0.0,0,0,0
Daizen Maeda,Japan,10,0,0,0.0,0,0,0
Daizen Maeda,Japan,57,1,0,0.68,0,0,1
Damian Bobadilla,Paraguay,4,0,0,0.0,0,0,0
Damian Bobadilla,Paraguay,32,0,0,0.0,0,0,0
Damian Bobadilla,Paraguay,59,0,0,0.0,0,0,0
Dan Ndoye,Switzerland,5,0,0,0.4,1,2,0
Dan Ndoye,Switzerland,26,0,0,0.1,1,3,1
Dan Ndoye,Switzerland,50,0,0,0.0,0,0,0
Dani Olmo,Spain,13,0,0,0.0,0,0,1
Dani Olmo,Spain,37,0,1,0.05,0,1,1
Dani Olmo,Spain,64,0,0,0.17,0,1,0
Daniel Muñoz,Colombia,24,1,0,0.48,0,0,0
Daniel Muñoz,Colombia,48,1,0,0.27,1,0,0
Daniel Muñoz,Colombia,69,0,0,0.0,0,0,1
Daniel Svensson,Sweden,12,0,0,0.0,0,0,0
Daniel Svensson,Sweden,57,0,0,0.01,0,0,0
Danilo,Brazil,6,0,0,0.0,0,0,0
Danilo,Brazil,31,0,0,0.0,0,1,0
Danilo,Brazil,52,0,0,0.0,0,0,1
Danilo Santos,Brazil,6,0,0,0.09,0,0,0
Danilo Santos,Brazil,31,0,0,0.0,0,0,0
Danley Jean Jacques,Haiti,7,0,0,0.0,0,0,1
Danley Jean Jacques,Haiti,31,0,0,0.0,0,0,0
Danley Jean Jacques,Haiti,51,0,0,0.0,0,0,0
Darwin Núñez,Uruguay,15,0,0,0.21,0,0,0
Darwin Núñez,Uruguay,39,0,0,0.0,0,1,1
Darwin Núñez,Uruguay,64,0,0,0.01,1,0,1
David Alaba,Austria,20,0,0,0.02,0,1,0
David Alaba,Austria,41,0,0,0.0,0,0,0
David Alaba,Austria,71,0,1,0.0,0,0,1
David Doudera,Czechia,53,0,0,0.06,0,1,1
David Møller Wolfe,Norway,18,0,1,0.0,0,0,1
David Møller Wolfe,Norway,43,0,0,0.0,0,1,0
David Raum,Germany,9,0,0,0.03,0,0,0
David Raum,Germany,56,0,0,0.0,0,0,2
David Zima,Czechia,25,0,0,0.0,0,0,0
Davinson Sánchez,Colombia,24,0,0,0.06,0,0,2
Davinson Sánchez,Colombia,48,0,0,0.03,0,0,1
Davinson Sánchez,Colombia,69,0,0,0.04,0,0,1
Dayot Upamecano,France,17,0,0,0.0,0,0,1
Dayot Upamecano,France,42,0,0,0.0,0,0,1
Dayot Upamecano,France,61,0,0,0.0,0,2,0
Declan Rice,England,22,0,1,0.04,0,1,4
Declan Rice,England,46,0,0,0.12,0,2,6
Deiver Machado,Colombia,69,0,0,0.0,0,0,1
Denis Visinsky,Czechia,53,0,0,0.23,0,2,0
Denis Zakaria,Switzerland,5,0,0,0.27,0,1,0
Deniz Gul,Türkiye,8,0,0,0.0,0,0,0
Deniz Gul,Türkiye,32,0,0,0.59,2,0,0
Deniz Undav,Germany,9,1,2,0.5,0,0,3
Deniz Undav,Germany,34,2,0,0.99,0,0,2
Deniz Undav,Germany,56,0,0,0.03,0,0,2
Dennis Hadzikadunic,Bosnia and Herzegovina,49,0,1,0.0,0,0,1
Denzel Dumfries,Netherlands,10,0,0,0.0,0,0,2
Denzel Dumfries,Netherlands,33,0,2,0.0,0,0,2
Denzel Dumfries,Netherlands,58,0,0,0.38,0,0,0
Derek Cornelius,Canada,3,0,0,0.06,0,0,0
Derek Cornelius,Canada,27,0,0,0.06,0,0,0
Derek Cornelius,Canada,50,0,0,0.31,1,0,0
Deroy Duarte,Cape Verde,13,0,0,0.0,0,0,1
Deroy Duarte,Cape Verde,39,0,0,0.0,0,0,0
Deroy Duarte,Cape Verde,63,0,0,0.03,0,0,1
Derrick Etienne,Haiti,31,0,0,0.0,0,0,1
Derrick Luckassen,Ghana,67,1,0,0.54,0,0,1
Désiré Doué,France,17,0,0,0.08,0,1,1
Désiré Doué,France,42,0,0,0.0,0,0,0
Désiré Doué,France,61,1,0,0.21,1,2,3
Deveron Fonville,Curaçao,9,0,0,0.0,0,1,0
Deveron Fonville,Curaçao,35,0,0,0.0,0,1,1
Deveron Fonville,Curaçao,55,0,0,0.0,0,3,0
Diego Gomez,Paraguay,4,0,0,0.16,0,1,0
Diego Gomez,Paraguay,32,0,0,0.02,0,2,0
Diego Gomez,Paraguay,59,0,0,0.0,0,0,2
Diney Borges,Cape Verde,13,0,0,0.13,1,0,0
Diney Borges,Cape Verde,39,0,0,0.01,0,1,0
Diney Borges,Cape Verde,63,0,0,0.0,0,0,0
Diogo Costa,Portugal,21,0,0,0.0,0,0,0
Diogo Costa,Portugal,45,0,0,0.0,0,0,0
Diogo Costa,Portugal,69,0,0,0.0,0,0,0
Diogo Dalot,Portugal,69,0,0,0.03,0,1,1
Djed Spence,England,22,0,0,0.54,1,0,0
Djed Spence,England,46,0,0,0.0,0,0,0
Djed Spence,England,68,0,0,0.0,0,0,0
Djibril Sow,Switzerland,26,0,0,0.0,0,0,0
Djibril Sow,Switzerland,50,0,0,0.0,0,0,0
Dodi Lukebakio,Belgium,38,0,0,0.04,0,0,0
Dominik Livaković,Croatia,22,0,0,0.0,0,0,0
Dominik Livaković,Croatia,47,0,0,0.0,0,0,0
Dominik Livaković,Croatia,67,0,0,0.0,0,0,0
Dominique Simon,Haiti,31,0,0,0.03,0,0,0
Dominique Simon,Haiti,51,0,0,0.0,0,0,1
Donyell Malen,Netherlands,10,0,0,0.21,0,2,0
Donyell Malen,Netherlands,33,0,0,0.0,0,0,1
Donyell Malen,Netherlands,58,0,0,0.07,0,2,3
Dostonbek Khamdamov,Uzbekistan,24,0,0,0.06,0,0,1
Dostonbek Khamdamov,Uzbekistan,70,0,0,0.0,0,0,0
Douglas Santos,Brazil,6,0,0,0.0,0,1,1
Douglas Santos,Brazil,31,0,0,0.1,1,0,0
Douglas Santos,Brazil,52,0,0,0.04,0,0,0
Duckens Nazon,Haiti,51,0,0,0.05,0,1,0
Dylan Bronn,Tunisia,36,0,0,0.0,0,0,0
Dzenis Burnic,Bosnia and Herzegovina,3,0,0,0.01,0,0,0
Dzenis Burnic,Bosnia and Herzegovina,49,0,0,0.0,0,0,0
Eberechi Eze,England,46,0,0,0.0,0,0,1
Eberechi Eze,England,68,0,0,0.04,0,0,0
Ederson,Brazil,31,0,0,0.25,1,0,0
Edin Dzeko,Bosnia and Herzegovina,26,0,0,0.12,0,0,0
Edin Dzeko,Bosnia and Herzegovina,49,0,0,0.11,1,0,0
Edmilson Junior,Qatar,5,0,0,0.39,1,1,0
Edmilson Junior,Qatar,27,0,0,0.18,0,0,0
Edmilson Junior,Qatar,49,0,1,0.0,0,1,2
Edo Kayembe,DR Congo,21,0,0,0.03,0,2,1
Edo Kayembe,DR Congo,48,0,0,0.02,0,0,0
Édouard Mendy,Senegal,17,0,0,0.0,0,0,0
Edouard Mendy,Senegal,43,0,0,0.0,0,0,0
Edson Alvarez,Mexico,1,0,0,0.0,0,0,0
Edson Alvarez,Mexico,28,0,0,0.0,0,1,0
Edson Alvarez,Mexico,53,0,0,0.0,0,0,0
Egil Selvik,Norway,61,0,0,0.0,0,0,0
Ehsan Haddad,Jordan,20,0,0,0.02,0,0,2
Ehsan Haddad,Jordan,44,0,0,0.0,0,0,0
Ehsan Haddad,Jordan,72,0,1,0.0,0,0,1
Ehsan Hajsafi,Iran,16,0,0,0.03,0,0,0
Ehsan Hajsafi,Iran,38,0,0,0.0,0,0,0
El Hadji Malick Diouf,Senegal,17,0,0,0.0,0,0,1
El Hadji Malick Diouf,Senegal,43,0,0,0.0,0,1,0
Eldor Shomurodov,Uzbekistan,24,0,0,0.06,0,0,0
Eldor Shomurodov,Uzbekistan,45,0,0,0.03,0,1,4
Eldor Shomurodov,Uzbekistan,70,1,0,0.16,0,0,0
Elias Achouri,Tunisia,12,0,0,0.01,0,0,0
Elias Achouri,Tunisia,36,0,0,0.0,0,0,0
Elias Achouri,Tunisia,58,0,0,0.08,0,0,0
Elias Saad,Tunisia,12,0,0,0.03,0,1,0
Elias Saad,Tunisia,36,0,0,0.0,0,0,0
Elijah Just,New Zealand,16,2,0,0.31,0,1,1
Elijah Just,New Zealand,40,0,0,0.05,0,1,0
Elijah Just,New Zealand,66,1,0,0.15,0,2,0
Elisha Owusu,Ghana,23,0,0,0.0,0,0,0
Elisha Owusu,Ghana,67,0,0,0.0,0,1,0
Elliot Anderson,England,22,0,1,0.04,0,0,1
Elliot Anderson,England,46,0,0,0.12,0,0,0
Elliot Anderson,England,68,0,0,0.03,0,2,0
Elliot Stroud,Sweden,12,0,0,0.0,0,0,0
Elliot Stroud,Sweden,33,0,0,0.0,0,0,1
Elliot Stroud,Sweden,57,0,0,0.0,0,0,1
Ellyes Skhiri,Tunisia,12,0,0,0.0,0,0,0
Ellyes Skhiri,Tunisia,36,0,0,0.0,0,0,0
Ellyes Skhiri,Tunisia,58,0,0,0.0,0,0,0
Eloy Room,Curaçao,9,0,0,0.0,0,0,0
Eloy Room,Curaçao,35,0,0,0.0,0,0,0
Eloy Room,Curaçao,55,0,0,0.0,0,0,0
Elye Wahi,Ivory Coast,11,0,0,0.49,2,0,0
Elye Wahi,Ivory Coast,55,0,0,0.26,1,0,0
Emam Ashour,Egypt,14,1,0,0.22,1,1,1
Emam Ashour,Egypt,40,0,0,0.41,1,1,2
Emam Ashour,Egypt,65,0,0,0.0,0,0,0
Emiliano Martínez,Argentina,19,0,0,0.0,0,0,0
Emiliano Martínez,Argentina,41,0,0,0.0,0,0,0
Emiliano Martínez,Argentina,72,0,0,0.0,0,0,0
Emmanuel Agbadou,Ivory Coast,11,0,0,0.0,0,0,0
Emmanuel Agbadou,Ivory Coast,34,0,0,0.0,0,0,0
Endrick,Brazil,31,0,0,0.0,0,0,0
Endrick,Brazil,52,0,0,0.0,0,0,0
Enner Valencia,Ecuador,11,0,0,0.03,0,0,0
Enner Valencia,Ecuador,35,0,0,1.5,4,0,0
Enner Valencia,Ecuador,56,0,0,0.07,0,0,0
Enzo Fernández,Argentina,19,0,0,0.0,0,0,1
Enzo Fernández,Argentina,41,0,0,0.17,0,1,1
Eren Elmali,Türkiye,32,0,0,0.0,0,1,1
Eren Elmali,Türkiye,60,0,0,0.0,0,2,1
Éric Davis,Panama,47,0,0,0.0,0,0,0
Éric Davis,Panama,68,0,0,0.01,0,0,0
Erik Lira,Mexico,1,0,1,0.0,0,0,1
Erik Lira,Mexico,28,0,0,0.0,0,1,0
Erling Haaland,Norway,18,2,0,1.85,2,1,1
Erling Haaland,Norway,43,2,0,0.84,1,0,2
Ermedin Demirovic,Bosnia and Herzegovina,3,0,0,0.02,1,0,0
Ermedin Demirovic,Bosnia and Herzegovina,26,0,0,0.0,0,0,0
Ermedin Demirovic,Bosnia and Herzegovina,49,0,0,0.02,0,1,0
Ermin Mahmic,Bosnia and Herzegovina,26,1,0,0.06,0,0,0
Ermin Mahmic,Bosnia and Herzegovina,49,1,0,0.05,0,0,1
Ernest Nuamah,Ghana,23,0,0,0.0,0,0,0
Ernest Nuamah,Ghana,67,0,1,0.0,0,1,2
Esmir Bajraktarevic,Bosnia and Herzegovina,3,0,0,0.0,0,1,0
Esmir Bajraktarevic,Bosnia and Herzegovina,26,0,0,0.0,0,0,0
Esmir Bajraktarevic,Bosnia and Herzegovina,49,0,0,0.05,0,0,2
Evann Guessand,Ivory Coast,34,0,0,0.0,0,0,0
Evidence Makgopa,South Africa,1,0,0,0.0,0,0,0
Evidence Makgopa,South Africa,25,0,0,0.11,0,1,0
Evidence Makgopa,South Africa,54,0,0,0.63,1,0,0
Exequiel Palacios,Argentina,72,0,0,0.0,0,0,0
Ezri Konsa,England,22,0,0,0.63,1,0,0
Ezri Konsa,England,46,0,0,0.0,0,0,0
Ezri Konsa,England,68,0,0,0.0,0,0,0
Fabian Rieder,Switzerland,5,0,0,0.05,0,0,1
Fabian Rieder,Switzerland,26,0,0,0.0,0,0,1
Fabián Ruiz,Spain,13,0,0,0.31,1,0,0
Fabián Ruiz,Spain,37,0,0,0.0,0,0,1
Fabián Ruiz,Spain,64,0,0,0.0,0,0,1
Fabinho,Brazil,6,0,0,0.0,0,0,0
Fabinho,Brazil,52,0,0,0.0,0,0,0
Facundo Medina,Argentina,19,0,0,0.0,0,0,0
Facundo Medina,Argentina,41,0,1,0.0,0,0,1
Farès Chaïbi,Algeria,19,0,0,0.08,0,1,1
Farès Chaïbi,Algeria,44,0,0,0.11,0,0,0
Farès Chaïbi,Algeria,71,0,0,0.18,0,1,0
Farès Ghedjemis,Algeria,71,0,0,0.0,0,0,0
Farrukh Sayfiev,Uzbekistan,24,0,0,0.0,0,0,1
Federico Valverde,Uruguay,15,0,0,0.07,0,2,0
Federico Valverde,Uruguay,39,0,0,0.53,0,2,0
Federico Valverde,Uruguay,64,0,0,0.0,0,0,1
Federico Viñas,Uruguay,15,0,0,0.5,1,0,0
Federico Viñas,Uruguay,39,0,0,0.0,0,1,0
Federico Viñas,Uruguay,64,0,0,0.08,0,0,0
Felix Nmecha,Germany,9,1,0,0.26,0,0,0
Felix Nmecha,Germany,34,0,1,0.06,0,0,2
Felix Nmecha,Germany,56,0,0,0.06,0,0,0
Felix Torres,Ecuador,56,0,0,0.0,0,0,0
Ferdi Kadioglu,Türkiye,8,0,0,0.04,0,0,5
Ferdi Kadioglu,Türkiye,32,0,0,0.0,0,0,4
Fernando Muslera,Uruguay,15,0,0,0.0,0,0,0
Fernando Muslera,Uruguay,39,0,0,0.0,0,0,0
Fernando Muslera,Uruguay,64,0,0,0.0,0,0,0
Ferran Torres,Spain,13,0,0,0.66,1,0,1
Ferran Torres,Spain,37,0,0,0.48,1,1,0
Ferran Torres,Spain,64,0,0,0.38,1,1,0
Fidel Escobar,Panama,68,0,0,0.0,0,0,1
Findlay Curtis,Scotland,7,0,0,0.0,0,0,0
Findlay Curtis,Scotland,52,0,0,0.0,0,0,0
Finn Surman,New Zealand,16,0,0,0.45,0,0,1
Finn Surman,New Zealand,40,1,0,0.13,0,0,0
Finn Surman,New Zealand,66,0,0,0.0,0,0,0
Firas Al-Buraikan,Saudi Arabia,15,0,0,0.0,0,0,0
Firas Al-Buraikan,Saudi Arabia,37,0,0,0.0,0,0,0
Firas Al-Buraikan,Saudi Arabia,63,0,0,0.0,0,0,2
Firas Chaouat,Tunisia,12,0,0,0.0,0,0,0
Firas Chaouat,Tunisia,36,0,0,0.0,0,0,0
Firas Chaouat,Tunisia,58,0,0,0.0,0,0,0
Fiston Mayele,DR Congo,70,1,0,0.59,0,0,0
Florian Grillitsch,Austria,71,0,0,0.0,0,0,0
Florian Wirtz,Germany,9,0,1,0.18,1,1,4
Florian Wirtz,Germany,34,0,0,0.36,1,3,2
Florian Wirtz,Germany,56,0,1,0.17,0,3,2
Folarin Balogun,USA,4,2,0,0.44,1,1,0
Folarin Balogun,USA,29,0,0,0.22,0,1,0
Francis De Vries,New Zealand,40,0,0,0.0,0,0,0
Francis De Vries,New Zealand,66,0,0,0.0,0,1,0
Francisco Conceição,Portugal,21,0,0,0.07,0,0,2
Francisco Conceição,Portugal,45,0,0,0.0,0,2,1
Francisco Trincão,Portugal,45,0,0,0.11,0,0,0
Franck Kessie,Ivory Coast,11,0,0,0.0,0,0,1
Franck Kessie,Ivory Coast,34,1,0,0.46,0,1,0
Franck Kessie,Ivory Coast,55,0,0,0.12,0,0,1
Frans Putros,Iraq,62,0,0,0.0,0,0,1
Frantzdy Pierrot,Haiti,7,0,0,0.65,1,0,1
Frantzdy Pierrot,Haiti,31,0,0,0.0,0,0,0
Frantzdy Pierrot,Haiti,51,0,0,0.0,0,0,2
Fredrik André Bjørkan,Norway,61,0,0,0.0,0,0,1
Fredrik Aursnes,Norway,18,0,0,0.0,0,0,0
Fredrik Aursnes,Norway,43,0,0,0.0,0,0,1
Fredrik Aursnes,Norway,61,0,0,0.04,0,1,1
Frenkie de Jong,Netherlands,10,0,0,0.0,0,1,1
Frenkie de Jong,Netherlands,33,0,0,0.0,0,0,0
Frenkie de Jong,Netherlands,58,0,0,0.11,0,0,1
Gabriel Avalos,Paraguay,32,0,0,0.0,0,0,0
Gabriel Avalos,Paraguay,59,0,0,0.05,0,0,0
Gabriel Gudmundsson,Sweden,12,0,0,0.0,0,0,0
Gabriel Gudmundsson,Sweden,33,0,0,0.0,0,1,1
Gabriel Gudmundsson,Sweden,57,0,0,0.0,0,0,0
Gabriel Magalhaes,Brazil,6,0,0,0.0,0,0,0
Gabriel Magalhaes,Brazil,31,0,0,0.0,0,0,0
Gabriel Magalhaes,Brazil,52,0,0,0.07,0,0,0
Gabriel Martinelli,Brazil,31,0,0,0.0,0,0,1
Gabriel Martinelli,Brazil,52,0,0,0.0,0,0,0
Garry Rodrigues,Cape Verde,39,0,0,0.0,0,1,0
Garry Rodrigues,Cape Verde,63,0,0,0.04,0,0,1
Gedeon Kalulu,DR Congo,21,0,0,0.0,0,0,0
Gervane Kastaneer,Curaçao,9,0,0,0.0,0,0,0
Gervane Kastaneer,Curaçao,35,0,0,0.0,0,0,0
Gervane Kastaneer,Curaçao,55,0,0,0.04,0,0,0
Gessime Yassine,Morocco,51,1,0,0.9,0,0,0
Ghislain Konan,Ivory Coast,11,0,0,0.06,0,1,1
Ghislain Konan,Ivory Coast,34,0,0,0.02,0,2,0
Gi-Hyuk Lee,South Korea,2,0,0,0.0,0,0,0
Gi-Hyuk Lee,South Korea,28,0,0,0.0,0,0,0
Gi-Hyuk Lee,South Korea,54,0,0,0.0,0,1,0
Gideon Mensah,Ghana,23,0,0,0.0,0,1,0
Gideon Mensah,Ghana,46,0,0,0.0,0,1,0
Gideon Mensah,Ghana,67,0,0,0.0,0,0,1
Gilberto Mora,Mexico,1,0,0,0.0,0,1,0
Gilberto Mora,Mexico,53,0,0,0.03,0,0,2
Gilson Tavares,Cape Verde,39,0,0,0.0,0,1,0
Giovani Lo Celso,Argentina,72,1,0,0.1,0,0,2
Giovanni Reyna,USA,4,1,0,0.08,0,0,0
Giovanni Reyna,USA,29,0,0,0.0,0,0,0
Giovanni Reyna,USA,60,0,0,0.09,0,1,0
Giuliano Simeone,Argentina,72,0,0,0.0,0,0,0
Godfried Roemeratoe,Curaçao,35,0,0,0.0,0,0,0
Gonçalo Ramos,Portugal,21,0,0,0.0,0,0,0
Gonzalo Montiel,Argentina,19,0,0,0.0,0,0,0
Gonzalo Plata,Ecuador,11,0,0,0.05,0,2,3
Gonzalo Plata,Ecuador,35,0,0,0.38,1,2,3
Gonzalo Plata,Ecuador,56,1,0,0.87,1,1,0
Granit Xhaka,Switzerland,5,0,0,0.05,0,0,2
Granit Xhaka,Switzerland,26,1,0,0.81,0,0,1
Granit Xhaka,Switzerland,50,0,0,0.04,0,0,0
Grant Hanley,Scotland,7,0,0,0.0,0,0,0
Grant Hanley,Scotland,30,0,0,0.0,0,0,0
Gregor Kobel,Switzerland,5,0,0,0.0,0,0,0
Gregor Kobel,Switzerland,26,0,0,0.0,0,0,0
Gregor Kobel,Switzerland,50,0,0,0.0,0,0,0
Gue-sung Cho,South Korea,28,0,0,0.5,1,0,0
Gue-sung Cho,South Korea,54,0,0,0.0,0,0,0
Guela Doue,Ivory Coast,11,0,0,0.0,0,0,2
Guela Doue,Ivory Coast,34,0,0,0.0,0,0,0
Guela Doue,Ivory Coast,55,0,0,0.0,0,0,0
Guillermo Martinez,Mexico,53,0,0,0.0,0,0,0
Guillermo Ochoa,Mexico,53,0,0,0.0,0,0,0
Guillermo Varela,Uruguay,15,0,0,0.04,0,0,2
Guillermo Varela,Uruguay,39,0,0,0.0,0,0,0
Guillermo Varela,Uruguay,64,0,0,0.0,0,0,0
Gustaf Lagerbielke,Sweden,12,0,0,0.0,0,0,1
Gustaf Lagerbielke,Sweden,33,0,0,0.05,0,1,0
Gustaf Lagerbielke,Sweden,57,0,0,0.1,0,1,0
Gustavo Gomez,Paraguay,4,0,0,0.0,0,0,0
Gustavo Gomez,Paraguay,32,0,0,0.05,0,0,0
Gustavo Gomez,Paraguay,59,0,0,0.0,0,0,0
Gustavo Puerta,Colombia,24,0,1,0.01,0,0,2
Gustavo Puerta,Colombia,48,0,0,0.15,0,2,0
Gustavo Puerta,Colombia,69,0,0,0.18,0,0,1
Gustavo Velazquez,Paraguay,4,0,0,0.0,0,0,0
Gustavo Velazquez,Paraguay,32,0,0,0.0,0,0,0
Gustavo Velazquez,Paraguay,59,0,0,0.0,0,0,0
Guus Til,Netherlands,33,0,0,0.0,0,0,0
Habib Diarra,Senegal,17,0,0,0.0,0,0,0
Habib Diarra,Senegal,62,1,0,0.53,0,0,1
Haji Wright,USA,29,0,0,0.0,0,0,0
Hakan Calhanoglu,Türkiye,8,0,0,0.17,0,0,4
Hakan Calhanoglu,Türkiye,32,0,0,0.25,1,0,3
Hamdy Fathy,Egypt,14,0,0,0.0,0,0,2
Hamdy Fathy,Egypt,40,0,0,0.0,0,0,0
Hamza Abdelkarim,Egypt,14,0,0,0.0,0,0,0
Hamza Abdelkarim,Egypt,40,0,0,0.0,0,0,0
Hamza Abdelkarim,Egypt,65,0,0,0.0,0,0,0
Han-Beom Lee,South Korea,2,0,0,0.04,0,0,0
Han-Beom Lee,South Korea,28,0,0,0.07,1,0,0
Han-Beom Lee,South Korea,54,0,0,0.0,0,0,0
Hannes Delcroix,Haiti,7,0,0,0.0,0,0,0
Hannes Delcroix,Haiti,31,0,0,0.0,0,0,0
Hannes Delcroix,Haiti,51,0,0,0.0,0,0,0
Hannibal Mejbri,Tunisia,12,0,1,0.03,0,2,3
Hannibal Mejbri,Tunisia,36,0,0,0.01,0,0,0
Hannibal Mejbri,Tunisia,58,0,1,0.02,0,1,2
Hans Vanaken,Belgium,14,0,0,0.0,0,0,0
Hans Vanaken,Belgium,38,0,0,0.15,0,1,0
Hans Vanaken,Belgium,66,0,1,0.15,0,0,7
Harry Kane,England,22,2,0,1.03,0,0,2
Harry Kane,England,46,0,0,0.47,1,1,0
Harry Kane,England,68,1,0,0.59,1,0,0
Harry Souttar,Australia,8,0,0,0.04,0,1,1
Harry Souttar,Australia,29,0,0,0.0,0,0,0
Harry Souttar,Australia,59,0,0,0.0,0,0,0
Hassan Al Haydos,Qatar,5,0,0,0.0,0,0,0
Hassan Al Haydos,Qatar,49,1,0,0.33,1,1,1
Hassan Altambakti,Saudi Arabia,15,0,0,0.0,0,0,0
Hassan Altambakti,Saudi Arabia,37,0,0,0.0,0,0,0
Hassan Altambakti,Saudi Arabia,63,0,0,0.0,0,0,0
Hazem Mastouri,Tunisia,58,1,0,0.14,0,1,2
Hélio Varela,Cape Verde,39,1,0,0.4,0,1,0
Hélio Varela,Cape Verde,63,0,0,0.0,0,1,1
Henrik Sælebakke Falchener,Norway,61,0,0,0.0,0,0,0
Hernan Galindez,Ecuador,11,0,0,0.0,0,0,0
Hernan Galindez,Ecuador,35,0,0,0.0,0,0,0
Hernan Galindez,Ecuador,56,0,0,0.0,0,0,0
Hicham Boudaoui,Algeria,19,0,0,0.0,0,1,1
Hicham Boudaoui,Algeria,44,0,0,0.0,0,0,0
Hiroki Ito,Japan,10,0,0,0.03,0,0,0
Hiroki Ito,Japan,36,0,0,0.0,0,0,1
Hiroki Ito,Japan,57,0,0,0.0,0,0,1
Homam Al-Amin,Qatar,5,0,0,0.01,0,0,0
Homam Al-Amin,Qatar,27,0,0,0.0,0,0,1
Hossam Abdelmaguid,Egypt,40,0,0,0.0,0,0,0
Hossein Kanaani,Iran,38,0,0,0.15,0,0,1
Hossein Kanaani,Iran,65,0,0,0.0,0,0,0
Houssem Aouar,Algeria,19,0,0,0.06,0,0,0
Houssem Aouar,Algeria,71,0,2,0.0,0,1,3
Husam Ali Mohammad Abudahab,Jordan,44,0,0,0.0,0,0,1
Husam Ali Mohammad Abudahab,Jordan,72,0,0,0.0,0,0,0
Hussein Ali,Iraq,18,0,0,0.03,0,0,0
Hussein Ali,Iraq,42,0,0,0.0,0,0,0
Hwang Hee-chan,South Korea,2,0,0,0.0,0,1,0
Hwang Hee-chan,South Korea,28,0,0,0.0,0,1,1
Hwang Hee-chan,South Korea,54,0,0,0.02,0,1,0
Hwang In-beom,South Korea,2,1,1,0.36,0,2,1
Hwang In-beom,South Korea,28,0,0,0.03,0,0,0
Hwang In-beom,South Korea,54,0,0,0.0,0,0,0
Hyeon-gyu Oh,South Korea,2,1,0,0.37,0,0,1
Hyeon-gyu Oh,South Korea,28,0,0,0.03,0,0,0
Hyeon-gyu Oh,South Korea,54,0,0,0.37,0,0,0
Ibrahim Adel,Egypt,14,0,0,0.0,0,0,0
Ibrahim Bayesh,Iraq,18,0,0,0.19,1,1,1
Ibrahim Bayesh,Iraq,42,0,0,0.0,0,0,0
Ibrahim Bayesh,Iraq,62,0,0,0.0,0,2,0
Ibrahim Maza,Algeria,19,0,0,0.04,0,2,0
Ibrahim Maza,Algeria,44,0,0,0.49,1,5,2
Ibrahim Maza,Algeria,71,0,0,0.6,1,6,1
Ibrahim Mbaye,Senegal,17,1,0,0.1,0,1,0
Ibrahim Mbaye,Senegal,43,0,0,0.04,0,1,2
Ibrahim Mbaye,Senegal,62,0,0,0.0,0,0,1
Ibrahim Sangare,Ivory Coast,11,0,0,0.0,0,0,0
Ibrahim Sangare,Ivory Coast,34,0,0,0.0,0,0,0
Ibrahim Sangare,Ivory Coast,55,0,1,0.0,0,0,1
Ibrahima Konaté,France,61,0,0,0.0,0,0,0
Idrissa Gana Gueye,Senegal,17,0,0,0.0,0,0,0
Idrissa Gana Gueye,Senegal,43,0,0,0.05,0,0,1
Idrissa Gana Gueye,Senegal,62,0,0,0.03,0,0,4
Igor Matanović,Croatia,22,0,0,0.01,0,0,0
Igor Matanović,Croatia,67,0,0,0.0,0,1,0
Igor Sergeev,Uzbekistan,24,0,0,0.0,0,0,0
Igor Sergeev,Uzbekistan,45,0,0,0.0,0,0,0
Igor Sergeev,Uzbekistan,70,0,0,0.0,0,0,0
Igor Thiago,Brazil,6,0,0,0.66,1,0,0
Iliman Ndiaye,Senegal,17,0,1,0.0,0,0,1
Iliman Ndiaye,Senegal,62,1,1,0.12,0,3,2
Ime Okon,South Africa,1,0,0,0.0,0,0,0
Ime Okon,South Africa,25,0,0,0.0,0,1,1
Ime Okon,South Africa,54,0,0,0.0,0,0,1
Iñaki Williams,Ghana,46,0,0,0.0,0,0,0
Iqraam Rayners,South Africa,1,0,0,0.0,0,0,0
Iqraam Rayners,South Africa,25,0,0,0.06,0,0,0
Iqraam Rayners,South Africa,54,0,0,0.0,0,1,0
Irfan Can Kahveci,Türkiye,60,0,0,0.0,0,0,0
Isak Hien,Sweden,12,0,0,0.0,0,0,0
Isak Hien,Sweden,33,0,0,0.0,0,0,1
Isak Hien,Sweden,57,0,0,0.0,0,0,0
Isidro Pitta,Paraguay,32,0,0,0.0,0,0,0
Ismael Díaz,Panama,23,0,0,0.31,1,1,0
Ismael Díaz,Panama,68,0,0,0.25,0,0,0
Ismael Gharbi,Tunisia,12,0,0,0.0,0,0,0
Ismael Gharbi,Tunisia,36,0,0,0.03,0,0,0
Ismael Gharbi,Tunisia,58,0,0,0.19,0,0,0
Ismael Kone,Canada,3,0,0,0.02,0,0,0
Ismael Kone,Canada,27,0,0,0.05,0,1,1
Ismael Saibari,Morocco,6,1,0,0.71,1,1,0
Ismael Saibari,Morocco,30,1,0,0.23,1,0,1
Ismael Saibari,Morocco,51,1,0,0.81,1,1,1
Ismail Jakobs,Senegal,43,0,0,0.0,0,0,1
Ismail Jakobs,Senegal,62,0,0,0.06,0,0,1
Ismail Yuksek,Türkiye,8,0,0,0.15,0,1,0
Ismail Yuksek,Türkiye,32,0,0,0.08,0,2,0
Ismaïla Sarr,Senegal,17,0,0,0.27,1,2,1
Ismaïla Sarr,Senegal,43,2,0,1.21,1,0,0
Ismaïla Sarr,Senegal,62,1,1,0.62,0,0,2
Israel Reyes,Mexico,1,0,0,0.01,0,0,2
Israel Reyes,Mexico,28,0,0,0.0,0,0,0
Israel Reyes,Mexico,53,0,0,0.03,0,0,0
Issa Diop,Morocco,6,0,0,0.0,0,0,0
Issa Diop,Morocco,30,0,0,0.0,0,0,0
Issa Laye,Qatar,5,0,0,0.08,0,0,0
Issa Laye,Qatar,27,0,0,0.0,0,0,0
Issa Laye,Qatar,49,0,0,0.0,0,0,1
Ivan Basic,Bosnia and Herzegovina,3,0,0,0.0,0,1,4
Ivan Basic,Bosnia and Herzegovina,26,0,0,0.0,0,0,1
Ivan Basic,Bosnia and Herzegovina,49,0,1,0.12,0,1,1
Ivan Perišić,Croatia,22,0,1,0.0,0,0,4
Ivan Perišić,Croatia,47,0,0,0.0,0,0,1
Ivan Perišić,Croatia,67,0,0,0.02,0,0,0
Ivan Sunjic,Bosnia and Herzegovina,3,0,0,0.0,0,0,0
Ivan Sunjic,Bosnia and Herzegovina,26,0,0,0.0,0,0,0
Ivan Sunjic,Bosnia and Herzegovina,49,0,0,0.03,0,0,2
Jack Hendry,Scotland,7,0,0,0.0,0,0,0
Jack Hendry,Scotland,30,0,0,0.0,0,0,0
Jack Hendry,Scotland,52,0,0,0.0,0,0,1
Jackson Irvine,Australia,8,0,0,0.0,0,0,0
Jackson Irvine,Australia,29,0,0,0.0,0,1,0
Jackson Irvine,Australia,59,0,0,0.15,0,0,0
Jackson Porozo,Ecuador,11,0,0,0.0,0,0,0
Jacob Italiano,Australia,8,0,0,0.02,0,0,1
Jacob Italiano,Australia,29,0,0,0.0,0,3,0
Jacob Shaffelburg,Canada,3,0,0,0.0,0,0,1
Jacob Shaffelburg,Canada,27,0,0,0.09,0,0,1
Jacob Shaffelburg,Canada,50,0,0,0.0,0,0,2
Jacob Widell Zetterstrom,Sweden,57,0,0,0.0,0,0,0
Jae-sung Lee,South Korea,2,0,0,0.45,1,0,3
Jae-sung Lee,South Korea,28,0,0,0.0,0,0,0
Jakhongir Urozov,Uzbekistan,24,0,0,0.0,0,0,0
Jakhongir Urozov,Uzbekistan,70,0,0,0.0,0,0,0
Jalal Hassan,Iraq,18,0,0,0.0,0,0,0
Jalal Hassan,Iraq,62,0,0,0.0,0,0,0
Jamal Musiala,Germany,9,1,0,0.29,0,4,2
Jamal Musiala,Germany,34,0,0,0.06,0,2,1
Jamal Musiala,Germany,56,0,0,0.03,0,3,1
James Rodríguez,Colombia,24,0,0,0.09,0,0,0
James Rodríguez,Colombia,48,0,0,0.02,0,0,5
James Rodríguez,Colombia,69,0,0,0.17,0,2,5
Jamie Leweling,Germany,34,0,0,0.02,0,0,0
Jaminton Campaz,Colombia,24,1,0,0.2,0,1,0
Jamiro Monteiro,Cape Verde,13,0,0,0.0,0,0,0
Jamiro Monteiro,Cape Verde,39,0,0,0.09,0,0,1
Jamiro Monteiro,Cape Verde,63,0,0,0.12,0,0,1
Jamshid Iskandarov,Uzbekistan,70,0,0,0.0,0,0,0
Jan Paul van Hecke,Netherlands,10,0,0,0.12,0,0,0
Jan Paul van Hecke,Netherlands,33,0,0,0.0,0,0,0
Jan Paul van Hecke,Netherlands,58,1,0,0.12,0,0,1
Jaouen Hadjam,Algeria,44,0,0,0.0,0,1,0
Jaouen Hadjam,Algeria,71,0,0,0.0,0,2,0
Jarell Quansah,England,68,0,0,0.0,0,0,0
Jaroslav Zeleny,Czechia,2,0,0,0.0,0,1,0
Jaroslav Zeleny,Czechia,25,0,0,0.01,0,1,0
Jason Geria,Australia,8,0,0,0.0,0,0,0
Jason Geria,Australia,29,0,0,0.0,0,0,0
Jassem Gaber Abdulsallam,Qatar,5,0,0,0.0,0,0,0
Jassem Gaber Abdulsallam,Qatar,27,0,0,0.0,0,0,0
Jassem Gaber Abdulsallam,Qatar,49,0,0,0.0,0,0,0
Jayden Adams,South Africa,1,0,0,0.0,0,1,0
Jayden Adams,South Africa,25,0,0,0.0,0,0,1
Jayden Adams,South Africa,54,0,0,0.0,0,0,0
Jean Michael Seri,Ivory Coast,55,0,0,0.0,0,0,0
Jean-Kevin Duverne,Haiti,31,0,0,0.02,0,0,0
Jean-Kevin Duverne,Haiti,51,0,1,0.0,0,1,2
Jean-Philippe Mateta,France,61,0,0,0.0,0,0,0
Jean-Ricner Bellegarde,Haiti,7,0,0,0.16,0,1,2
Jean-Ricner Bellegarde,Haiti,31,0,0,0.0,0,0,1
Jean-Ricner Bellegarde,Haiti,51,0,0,0.12,0,1,0
Jearl Margaritha,Curaçao,9,0,0,0.04,0,0,0
Jearl Margaritha,Curaçao,35,0,0,0.0,0,0,0
Jefferson Lerma,Colombia,24,0,0,0.18,0,0,1
Jefferson Lerma,Colombia,48,0,0,0.0,0,0,1
Jefferson Lerma,Colombia,69,0,0,0.05,0,0,0
Jens Castrop,South Korea,54,0,0,0.0,0,1,1
Jens Petter Hauge,Norway,61,0,0,0.0,0,0,0
Jeremy Antonisse,Curaçao,9,0,0,0.0,0,0,1
Jeremy Antonisse,Curaçao,55,0,0,0.05,0,1,1
Jeremy Doku,Belgium,14,0,0,0.17,0,3,1
Jeremy Doku,Belgium,66,0,0,0.09,0,2,2
Jerome Opoku,Ghana,23,0,0,0.0,0,0,1
Jerome Opoku,Ghana,46,0,0,0.0,0,0,1
Jesper Karlstrom,Sweden,12,0,0,0.0,0,0,1
Jesper Karlstrom,Sweden,33,0,0,0.08,0,1,1
Jesse Randall,New Zealand,16,0,0,0.0,0,0,1
Jesse Randall,New Zealand,40,0,0,0.0,0,1,0
Jesse Randall,New Zealand,66,0,0,0.01,0,0,1
Jesus Gallardo,Mexico,1,0,0,0.04,0,0,0
Jesus Gallardo,Mexico,28,0,0,0.05,0,1,0
Jesus Gallardo,Mexico,53,0,0,0.0,0,0,0
Jhon Arias,Colombia,24,0,0,0.21,0,1,2
Jhon Arias,Colombia,48,0,0,0.1,0,0,1
Jhon Arias,Colombia,69,0,0,0.12,0,2,4
Jhon Córdoba,Colombia,48,0,0,0.0,0,0,0
Jhon Córdoba,Colombia,69,0,0,0.3,1,0,0
Jhon Lucumí,Colombia,24,0,0,0.0,0,0,0
Jhon Lucumí,Colombia,48,0,0,0.05,0,0,0
Jhon Lucumí,Colombia,69,0,0,0.0,0,0,0
Ji-sung Eom,South Korea,2,0,0,0.0,0,0,0
Ji-sung Eom,South Korea,28,0,0,0.0,0,1,1
Jin-gyu Kim,South Korea,2,0,0,0.06,0,0,0
Jin-gyu Kim,South Korea,54,0,0,0.0,0,0,1
Jin-seob Park,South Korea,2,0,0,0.0,0,0,0
Jin-seob Park,South Korea,54,0,0,0.36,1,0,0
Jiovany Ramos,Panama,23,0,0,0.11,0,2,0
Jiovany Ramos,Panama,47,0,0,0.0,0,1,0
João Cancelo,Portugal,21,0,0,0.0,0,2,0
João Cancelo,Portugal,45,0,1,0.03,0,1,2
João Cancelo,Portugal,69,0,0,0.0,0,0,0
João Félix,Portugal,45,0,0,0.4,2,4,0
João Félix,Portugal,69,0,0,0.39,1,0,0
João Neves,Portugal,21,1,0,0.05,0,0,1
João Neves,Portugal,45,0,0,0.0,0,0,0
João Neves,Portugal,69,0,0,0.0,0,0,0
João Paulo,Cape Verde,13,0,0,0.0,0,0,0
João Paulo,Cape Verde,63,0,0,0.08,0,1,0
Joe Bell,New Zealand,16,0,0,0.0,0,1,0
Joe Bell,New Zealand,40,0,0,0.02,0,1,1
Joe Bell,New Zealand,66,0,0,0.0,0,0,0
Joe Scally,USA,29,0,0,0.0,0,0,0
Joe Scally,USA,60,0,0,0.0,0,0,1
Joel Ordonez,Ecuador,11,0,0,0.2,0,0,0
Joel Ordonez,Ecuador,56,0,0,0.0,0,1,0
Johan Manzambi,Switzerland,5,0,0,0.06,0,0,1
Johan Manzambi,Switzerland,26,2,0,0.51,0,1,0
Johan Manzambi,Switzerland,50,1,1,0.2,1,1,1
Johan Mojica,Colombia,24,0,0,0.02,0,0,0
Johan Mojica,Colombia,48,0,0,0.02,0,0,1
Johan Vasquez,Mexico,1,0,0,0.0,0,0,0
Johan Vasquez,Mexico,28,0,0,0.0,0,0,0
John McGinn,Scotland,7,1,0,0.23,1,1,1
John McGinn,Scotland,30,0,0,0.16,1,0,1
John McGinn,Scotland,52,0,0,0.0,0,1,1
John Stones,England,22,0,0,0.0,0,0,0
John Yeboah,Ecuador,11,0,0,0.14,0,1,0
John Yeboah,Ecuador,35,0,0,0.16,0,1,4
John Yeboah,Ecuador,56,0,0,0.0,0,3,3
Johny Placide,Haiti,7,0,0,0.0,0,0,0
Johny Placide,Haiti,31,0,0,0.0,0,0,0
Johny Placide,Haiti,51,0,0,0.0,0,0,0
Jonas Adjei Adjetey,Ghana,23,0,0,0.13,0,0,0
Jonas Adjei Adjetey,Ghana,46,0,0,0.0,0,0,0
Jonas Adjei Adjetey,Ghana,67,0,0,0.0,0,0,1
Jonathan David,Canada,3,0,0,0.39,1,0,0
Jonathan David,Canada,27,3,0,1.98,0,0,0
Jonathan David,Canada,50,0,0,0.22,0,0,2
Jonathan Osorio,Canada,3,0,0,0.0,0,0,0
Jonathan Tah,Germany,9,0,0,0.0,0,0,1
Jonathan Tah,Germany,34,0,0,0.0,0,0,1
Jonathan Tah,Germany,56,0,0,0.0,0,0,0
Jordan Ayew,Ghana,23,0,0,0.0,0,2,1
Jordan Ayew,Ghana,46,0,0,0.0,0,0,0
Jordan Ayew,Ghana,67,0,0,0.0,0,0,0
Jordan Bos,Australia,8,0,0,0.08,0,1,1
Jordan Bos,Australia,29,0,0,0.0,0,2,0
Jordan Bos,Australia,59,0,0,0.17,0,4,3
Jordan Henderson,England,68,0,0,0.0,0,0,0
Jordan Pickford,England,22,0,0,0.0,0,0,0
Jordan Pickford,England,46,0,0,0.0,0,0,0
Jordan Pickford,England,68,0,0,0.0,0,0,0
Jordy Alcivar,Ecuador,35,0,0,0.04,0,0,0
Jordy Caicedo,Ecuador,35,0,0,0.0,0,0,0
Jordy Caicedo,Ecuador,56,0,0,0.0,0,0,0
Jorge Gutiérrez,Panama,68,0,0,0.0,0,0,1
Jorge Sanchez,Mexico,28,0,0,0.0,0,1,0
Jorge Sanchez,Mexico,53,0,1,0.03,0,1,3
Jørgen Strand Larsen,Norway,61,0,0,1.04,2,1,2
Joris Kayembe,DR Congo,21,0,0,0.0,0,0,0
Joris Kayembe,DR Congo,48,0,0,0.02,0,0,1
Joris Kayembe,DR Congo,70,0,0,0.0,0,0,1
Jose Canale,Paraguay,32,0,0,0.0,0,0,0
Jose Canale,Paraguay,59,0,0,0.0,0,0,0
José Córdoba,Panama,23,0,0,0.0,0,1,0
José Córdoba,Panama,47,0,0,0.0,0,0,0
José Córdoba,Panama,68,0,0,0.0,0,0,0
José Fajardo,Panama,23,0,0,0.0,0,0,0
José Fajardo,Panama,47,0,0,0.2,1,0,0
José Fajardo,Panama,68,0,0,0.0,0,0,0
José Luis Rodríguez,Panama,23,0,0,0.0,0,0,0
José Luis Rodríguez,Panama,47,0,0,0.05,0,0,1
José Luis Rodríguez,Panama,68,0,0,0.09,0,1,0
José Manuel López,Argentina,72,0,0,0.02,0,0,0
Joshua Brenet,Curaçao,35,0,0,0.0,0,1,1
Joshua Brenet,Curaçao,55,0,0,0.0,0,1,0
Joshua Kimmich,Germany,9,0,2,0.0,0,0,5
Joshua Kimmich,Germany,34,0,0,0.0,0,0,3
Joshua Kimmich,Germany,56,0,0,0.0,0,0,0
Josip Stanišić,Croatia,22,0,0,0.0,0,1,1
Josip Stanišić,Croatia,47,0,1,0.0,0,1,1
Josip Stanišić,Croatia,67,0,0,0.0,0,0,0
Josip Šutalo,Croatia,22,0,0,0.17,0,1,0
Josip Šutalo,Croatia,47,0,0,0.0,0,0,0
Josip Šutalo,Croatia,67,0,0,0.0,0,1,0
Joško Gvardiol,Croatia,22,0,0,0.2,1,0,0
Joško Gvardiol,Croatia,47,0,0,0.0,0,0,0
Joško Gvardiol,Croatia,67,0,0,0.0,0,0,0
Josue Casimir,Haiti,7,0,0,0.01,0,1,1
Josue Casimir,Haiti,31,0,0,0.0,0,1,0
Josue Casimir,Haiti,51,0,0,0.0,0,1,0
Jovane Cabral,Cape Verde,13,0,0,0.01,0,1,0
Jovo Lukic,Bosnia and Herzegovina,3,1,0,0.69,0,0,0
Jovo Lukic,Bosnia and Herzegovina,26,0,0,0.0,0,0,0
Juan Caceres,Paraguay,4,0,0,0.0,0,1,0
Juan Caceres,Paraguay,32,0,0,0.05,0,2,1
Juan Caceres,Paraguay,59,0,0,0.0,0,0,0
Juan Fernando Quintero,Colombia,24,0,1,0.0,0,0,1
Juan Fernando Quintero,Colombia,48,0,1,0.04,0,0,2
Juan Fernando Quintero,Colombia,69,0,0,0.0,0,0,0
Juan Sanabria,Uruguay,15,0,0,0.11,0,0,2
Juan Sanabria,Uruguay,39,0,0,0.0,0,0,1
Juan Sanabria,Uruguay,64,0,0,0.0,0,0,0
Jude Bellingham,England,22,1,0,0.48,1,1,1
Jude Bellingham,England,46,0,0,0.02,0,0,1
Jude Bellingham,England,68,1,1,0.12,0,3,4
Jules Koundé,France,17,0,0,0.0,0,0,1
Jules Koundé,France,42,0,0,0.0,0,0,1
Jules Koundé,France,61,0,0,0.0,0,0,1
Julián Alvarez,Argentina,19,0,0,0.0,0,0,0
Julián Alvarez,Argentina,41,0,0,0.4,1,0,0
Julián Alvarez,Argentina,72,0,0,0.09,0,0,0
Julian Quinones,Mexico,1,1,0,0.37,0,5,2
Julian Quinones,Mexico,28,0,0,0.06,0,0,2
Julian Quinones,Mexico,53,1,0,0.86,1,0,0
Julian Ryerson,Norway,18,0,0,0.0,0,1,3
Julian Ryerson,Norway,43,0,0,0.0,0,0,1
Julio Enciso,Paraguay,4,0,1,0.05,0,2,1
Julio Enciso,Paraguay,32,0,1,0.09,0,7,4
Julio Enciso,Paraguay,59,0,0,0.07,0,2,0
Juninho Bacuna,Curaçao,9,0,0,0.02,0,3,0
Juninho Bacuna,Curaçao,35,0,0,0.14,0,1,3
Juninho Bacuna,Curaçao,55,0,0,0.08,0,3,3
Junior Alonso,Paraguay,4,0,0,0.0,0,0,1
Junior Alonso,Paraguay,32,0,0,0.0,0,0,0
Junior Alonso,Paraguay,59,0,0,0.0,0,0,0
Junnosuke Suzuki,Japan,36,0,0,0.0,0,0,0
Junya Ito,Japan,10,0,0,0.0,0,0,3
Junya Ito,Japan,36,1,0,0.64,0,1,0
Junya Ito,Japan,57,0,0,0.0,0,0,0
Jurgen Locadia,Curaçao,9,0,0,0.0,0,0,0
Jurgen Locadia,Curaçao,35,0,0,0.11,0,0,0
Jurgen Locadia,Curaçao,55,0,0,0.0,0,0,2
Jurien Gaari,Curaçao,35,0,0,0.0,0,0,1
Jurien Gaari,Curaçao,55,0,0,0.05,0,0,0
Justin Kluivert,Netherlands,58,0,0,0.0,0,0,0
Kaan Ayhan,Türkiye,60,1,0,0.6,0,0,0
Kai Havertz,Germany,9,2,0,1.01,0,0,1
Kai Havertz,Germany,34,0,0,0.21,2,0,0
Kai Havertz,Germany,56,0,0,0.09,0,0,0
Kaishu Sano,Japan,10,0,0,0.0,0,0,0
Kaishu Sano,Japan,36,0,1,0.0,0,0,1
Kalidou Koulibaly,Senegal,17,0,0,0.0,0,0,0
Kalidou Koulibaly,Senegal,43,0,0,0.0,0,0,0
Kamaldeen Sulemana,Ghana,23,0,0,0.0,0,1,1
Kamaldeen Sulemana,Ghana,67,0,0,0.01,0,3,0
Kamogelo Sebelebele,South Africa,25,0,0,0.0,0,1,0
Kang-in Lee,South Korea,2,0,1,0.02,0,5,3
Kang-in Lee,South Korea,28,0,0,0.05,0,4,3
Kang-in Lee,South Korea,54,0,0,0.08,0,2,1
Karim Boudiaf,Qatar,5,0,0,0.02,0,0,0
Karim Boudiaf,Qatar,49,0,0,0.0,0,0,1
Karim Hafez,Egypt,14,0,0,0.0,0,0,0
Keisuke Goto,Japan,36,0,0,0.0,0,0,0
Keito Nakamura,Japan,10,1,0,0.08,0,1,1
Keito Nakamura,Japan,36,0,1,0.02,0,2,1
Keito Nakamura,Japan,57,0,0,0.06,0,2,2
Kelvin Pires,Cape Verde,13,0,0,0.02,0,1,0
Ken Sema,Sweden,57,0,0,0.03,0,0,0
Kenan Yildiz,Türkiye,8,0,0,0.23,0,1,1
Kenan Yildiz,Türkiye,32,0,0,0.22,0,4,4
Kenan Yildiz,Türkiye,60,0,0,0.04,0,0,0
Kenji Gorre,Curaçao,35,0,0,0.0,0,0,0
Kenny McLean,Scotland,7,0,0,0.0,0,0,0
Kenny McLean,Scotland,30,0,0,0.0,0,0,1
Kenny McLean,Scotland,52,0,0,0.02,0,0,0
Kento Shiogai,Japan,10,0,0,0.0,0,0,0
Kerem Akturkoglu,Türkiye,8,0,0,0.29,1,0,1
Kerem Akturkoglu,Türkiye,32,0,0,0.0,0,0,2
Kerim Alajbegovic,Bosnia and Herzegovina,3,0,0,0.0,0,1,0
Kerim Alajbegovic,Bosnia and Herzegovina,26,0,0,0.0,0,1,2
Kerim Alajbegovic,Bosnia and Herzegovina,49,1,0,0.19,0,6,2
Kevin Castaño,Colombia,24,0,0,0.0,0,0,0
Kevin Castaño,Colombia,69,0,0,0.0,0,0,0
Kevin Danso,Austria,20,0,0,0.0,0,1,0
Kevin Danso,Austria,41,0,0,0.0,0,1,1
Kevin Danso,Austria,71,0,0,0.14,1,0,0
Kevin De Bruyne,Belgium,14,0,0,0.27,0,1,2
Kevin De Bruyne,Belgium,38,0,0,0.32,0,2,3
Kevin De Bruyne,Belgium,66,1,0,0.51,0,2,4
Kevin Lenini,Cape Verde,39,1,0,0.04,0,1,2
Kevin Lenini,Cape Verde,63,0,0,0.04,0,1,0
Kevin Rodriguez,Ecuador,11,0,0,0.0,0,0,0
Kevin Rodriguez,Ecuador,35,0,0,0.31,0,0,3
Kevin Rodriguez,Ecuador,56,0,1,0.29,0,0,1
Kevin Yakob,Iraq,62,0,0,0.02,0,1,0
Khalid Al-Ghannam,Saudi Arabia,37,0,0,0.0,0,0,0
Khozhiakbar Alizhonov,Uzbekistan,45,0,0,0.0,0,1,1
Khozhiakbar Alizhonov,Uzbekistan,70,0,0,0.0,0,3,1
Khuliso Mudau,South Africa,1,0,0,0.0,0,0,0
Khuliso Mudau,South Africa,25,0,0,0.0,0,0,1
Khuliso Mudau,South Africa,54,0,0,0.0,0,1,0
Kieran Tierney,Scotland,30,0,0,0.03,0,0,0
Kieran Tierney,Scotland,52,0,0,0.02,0,0,3
Kim Min-jae,South Korea,2,0,0,0.0,0,0,2
Kim Min-jae,South Korea,28,0,0,0.0,0,0,0
Kim Min-jae,South Korea,54,0,0,0.03,0,0,1
Kim Moon-hwan,South Korea,28,0,0,0.0,0,0,0
Kim Seung-gyu,South Korea,2,0,0,0.0,0,0,0
Kim Seung-gyu,South Korea,28,0,0,0.0,0,0,0
Kim Seung-gyu,South Korea,54,0,0,0.0,0,0,0
Ko Itakura,Japan,36,0,1,0.0,0,0,2
Ko Itakura,Japan,57,0,0,0.0,0,0,0
Kojo Peprah Oppong,Ghana,46,0,0,0.0,0,0,0
Kojo Peprah Oppong,Ghana,67,0,0,0.0,0,0,0
Koki Ogawa,Japan,10,0,1,0.05,0,0,1
Koki Ogawa,Japan,57,0,0,0.31,1,0,0
Konrad Laimer,Austria,20,0,0,0.01,0,0,0
Konrad Laimer,Austria,41,0,0,0.0,0,1,0
Konrad Laimer,Austria,71,0,1,0.0,0,1,1
Krépin Diatta,Senegal,17,0,0,0.0,0,3,0
Krépin Diatta,Senegal,43,0,0,0.0,0,1,2
Krépin Diatta,Senegal,62,0,0,0.07,0,2,1
Kristian Thorstvedt,Norway,18,0,0,0.17,0,0,0
Kristian Thorstvedt,Norway,61,0,0,0.02,0,2,0
Kristoffer Ajer,Norway,18,0,0,0.0,0,0,0
Kristoffer Ajer,Norway,43,0,0,0.2,1,0,0
Kristoffer Nordfeldt,Sweden,12,0,0,0.0,0,0,0
Kristoffer Nordfeldt,Sweden,33,0,0,0.0,0,0,0
Kwasi Sibo,Ghana,23,0,0,0.0,0,0,0
Kwasi Sibo,Ghana,46,0,0,0.0,0,0,0
Kwasi Sibo,Ghana,67,0,0,0.0,0,0,0
Kylian Mbappé,France,17,2,0,0.76,1,1,0
Kylian Mbappé,France,42,2,0,1.23,2,2,2
Kylian Mbappé,France,61,0,2,0.29,0,1,4
Ladislav Krejci,Czechia,2,1,0,0.21,0,0,0
Ladislav Krejci,Czechia,25,0,0,0.25,0,1,2
Ladislav Krejci,Czechia,53,0,0,0.0,0,0,0
Lamine Camara,Senegal,17,0,0,0.0,0,1,0
Lamine Camara,Senegal,43,0,0,0.13,0,1,1
Lamine Camara,Senegal,62,0,1,0.0,0,1,4
Lamine Yamal,Spain,13,0,0,0.04,0,2,1
Lamine Yamal,Spain,37,1,0,0.35,0,2,1
Lamine Yamal,Spain,64,0,0,0.03,0,5,1
Laros Duarte,Cape Verde,13,0,0,0.0,0,0,0
Laros Duarte,Cape Verde,39,0,0,0.11,0,1,2
Laros Duarte,Cape Verde,63,0,0,0.63,1,1,3
Lautaro Martínez,Argentina,19,0,0,0.12,0,0,0
Lautaro Martínez,Argentina,41,0,0,0.0,0,0,0
Lautaro Martínez,Argentina,72,1,0,1.37,1,0,1
Lawrence Ati Zigi,Ghana,23,0,0,0.0,0,0,0
Lawrence Shankland,Scotland,7,0,0,0.11,0,0,0
Lawrence Shankland,Scotland,52,0,0,0.13,0,0,3
Leandro Bacuna,Curaçao,9,0,0,0.19,0,1,1
Leandro Bacuna,Curaçao,35,0,0,0.07,0,1,1
Leandro Bacuna,Curaçao,55,0,0,0.13,0,1,2
Leandro Paredes,Argentina,41,0,0,0.0,0,0,0
Leandro Paredes,Argentina,72,0,0,0.0,0,0,0
Leandro Trossard,Belgium,14,0,0,0.2,0,3,3
Leandro Trossard,Belgium,38,0,0,0.06,0,3,6
Leandro Trossard,Belgium,66,2,0,1.23,1,1,4
Lee Tae-seok,South Korea,2,0,0,0.0,0,0,2
Lee Tae-seok,South Korea,54,0,0,0.0,0,1,1
Lenny Joseph,Haiti,7,0,0,0.0,0,0,1
Lenny Joseph,Haiti,31,0,0,0.0,0,1,0
Lenny Joseph,Haiti,51,0,0,0.41,1,3,0
Leo Østigård,Norway,18,1,0,0.28,0,0,0
Leo Østigård,Norway,43,0,0,0.0,0,0,0
Leo Østigård,Norway,61,0,0,0.07,0,0,0
Leon Goretzka,Germany,9,0,0,0.0,0,0,0
Leon Goretzka,Germany,34,0,0,0.0,0,0,0
Leroy Sane,Germany,9,0,0,0.82,1,1,2
Leroy Sane,Germany,34,0,0,0.0,0,1,0
Leroy Sane,Germany,56,1,0,0.27,1,0,1
Lewis Ferguson,Scotland,7,0,0,0.0,0,0,0
Lewis Ferguson,Scotland,30,0,0,0.0,0,0,0
Lewis Ferguson,Scotland,52,0,0,0.05,0,0,1
Liam Millar,Canada,3,0,0,0.0,0,2,1
Liam Millar,Canada,50,0,0,0.02,0,1,2
Liberato Cacace,New Zealand,16,0,0,0.02,0,0,0
Liberato Cacace,New Zealand,40,0,0,0.0,0,2,2
Liberato Cacace,New Zealand,66,0,0,0.0,0,2,0
Lionel Messi,Argentina,19,3,0,1.05,0,0,2
Lionel Messi,Argentina,41,2,0,1.51,1,3,2
Lionel Messi,Argentina,72,1,0,0.12,0,0,2
Lionel Mpasi Nzau,DR Congo,21,0,0,0.0,0,0,0
Lionel Mpasi Nzau,DR Congo,48,0,0,0.0,0,0,0
Lionel Mpasi Nzau,DR Congo,70,0,0,0.0,0,0,0
Lisandro Martínez,Argentina,19,0,0,0.0,0,0,0
Lisandro Martínez,Argentina,41,0,0,0.0,0,0,1
Livano Comenencia,Curaçao,9,1,0,0.09,0,2,0
Livano Comenencia,Curaçao,35,0,0,0.14,0,0,0
Livano Comenencia,Curaçao,55,0,0,0.0,0,0,0
Logan Costa,Cape Verde,13,0,0,0.0,0,0,0
Louicius Don Deedson,Haiti,7,0,0,0.04,0,3,0
Louicius Don Deedson,Haiti,31,0,0,0.0,0,0,1
Louicius Don Deedson,Haiti,51,0,0,0.02,0,1,0
Luc De Fougerolles,Canada,3,0,0,0.0,0,0,0
Luc De Fougerolles,Canada,27,0,0,0.0,0,0,2
Luc De Fougerolles,Canada,50,0,0,0.03,0,0,0
Luca Jaquez,Switzerland,26,0,0,0.0,0,0,0
Luca Jaquez,Switzerland,50,0,0,0.0,0,1,0
Luca Zidane,Algeria,19,0,0,0.0,0,0,0
Luca Zidane,Algeria,44,0,0,0.0,0,0,0
Lucas Bergvall,Sweden,12,0,1,0.09,0,1,1
Lucas Bergvall,Sweden,33,0,0,0.0,0,0,1
Lucas Bergvall,Sweden,57,0,0,0.0,0,0,1
Lucas Digne,France,42,0,0,0.0,0,0,1
Lucas Herrington,Australia,59,0,0,0.0,0,0,0
Lucas Mendes,Qatar,27,0,0,0.0,0,0,0
Lucas Paqueta,Brazil,6,0,0,0.18,0,2,1
Lucas Paqueta,Brazil,31,0,1,0.0,0,0,2
Lucas Paqueta,Brazil,52,0,0,0.07,0,1,4
Luis Chavez,Mexico,1,0,0,0.0,0,0,0
Luis Díaz,Colombia,24,1,1,0.36,1,2,2
Luis Díaz,Colombia,48,0,0,0.29,1,1,2
Luis Díaz,Colombia,69,0,0,0.25,0,0,2
Luis Javier Suárez,Colombia,24,0,0,0.0,0,1,1
Luis Javier Suárez,Colombia,48,0,0,0.03,0,0,0
Luis Javier Suárez,Colombia,69,0,0,0.34,0,0,0
Luis Romo,Mexico,28,1,0,0.07,0,0,1
Luis Romo,Mexico,53,0,1,0.0,0,1,1
Luiz Henrique,Brazil,6,0,0,0.0,0,0,1
Luka Modrić,Croatia,22,0,0,0.0,0,0,0
Luka Modrić,Croatia,47,0,0,0.02,0,0,1
Luka Modrić,Croatia,67,0,1,0.0,0,1,4
Luka Sučić,Croatia,47,0,0,0.05,0,0,0
Luka Vušković,Croatia,22,0,0,0.0,0,1,0
Lukas Cerv,Czechia,25,0,0,0.03,0,1,0
Lukas Cerv,Czechia,53,0,0,0.12,0,0,0
Lukas Provod,Czechia,2,0,0,0.0,0,1,0
Lukas Provod,Czechia,25,0,0,0.03,0,0,1
Lukas Provod,Czechia,53,0,0,0.0,0,0,0
Lyle Foster,South Africa,1,0,0,0.04,0,0,0
Lyndon Dykes,Scotland,7,0,0,0.0,0,0,0
Lyndon Dykes,Scotland,30,0,0,0.14,0,0,0
Maghnes Akliouche,France,42,0,0,0.0,0,0,0
Mahdi Torabi,Iran,38,0,0,0.0,0,0,0
Mahmoud Al-Mardi,Jordan,20,0,0,0.0,0,0,0
Mahmoud Al-Mardi,Jordan,44,0,0,0.07,0,0,1
Mahmoud Al-Mardi,Jordan,72,0,0,0.0,0,1,0
Mahmoud Saber,Egypt,65,1,0,0.14,0,1,1
Mahmoud Trezeguet,Egypt,40,1,0,0.05,0,0,0
Mahmoud Trezeguet,Egypt,65,0,1,0.26,0,4,1
Mahmud Abunad,Qatar,5,0,0,0.0,0,0,0
Mahmud Abunad,Qatar,27,0,0,0.0,0,0,0
Mahmud Abunad,Qatar,49,0,0,0.0,0,0,0
Malick Thiaw,Germany,56,0,0,0.0,0,0,0
Malik Tillman,USA,4,0,1,0.64,1,2,3
Malik Tillman,USA,29,0,0,0.0,0,1,2
Malik Tillman,USA,60,0,0,0.0,0,0,0
Malo Gusto,France,42,0,0,0.0,0,0,0
Malo Gusto,France,61,0,0,0.0,0,0,0
Manaf Younis,Iraq,62,0,0,0.0,0,0,0
Manu Koné,France,42,0,0,0.03,0,1,0
Manu Koné,France,61,0,0,0.11,1,0,1
Manuel Akanji,Switzerland,5,0,0,0.27,0,0,2
Manuel Akanji,Switzerland,26,0,0,0.0,0,0,1
Manuel Akanji,Switzerland,50,0,0,0.0,0,1,0
Manuel Neuer,Germany,9,0,0,0.0,0,0,0
Manuel Neuer,Germany,34,0,0,0.0,0,0,0
Manuel Neuer,Germany,56,0,0,0.0,0,0,0
Manuel Ugarte,Uruguay,15,0,0,0.03,0,1,0
Manuel Ugarte,Uruguay,39,0,0,0.03,0,0,1
Manuel Ugarte,Uruguay,64,0,0,0.0,0,0,1
Marc Cucurella,Spain,13,0,0,0.12,0,1,2
Marc Cucurella,Spain,37,0,0,0.18,1,1,0
Marc Cucurella,Spain,64,0,0,0.0,0,0,0
Marc Guéhi,England,22,0,0,0.0,0,0,0
Marc Guéhi,England,46,0,0,0.17,0,0,0
Marc Guéhi,England,68,0,0,0.0,0,0,1
Marcel Sabitzer,Austria,20,0,0,0.01,0,1,1
Marcel Sabitzer,Austria,41,0,0,0.18,0,0,1
Marcel Sabitzer,Austria,71,1,0,0.11,0,1,1
Marco Friedl,Austria,41,0,0,0.0,0,0,0
Marco Pašalić,Croatia,22,0,0,0.06,0,0,0
Marco Pašalić,Croatia,47,0,0,0.74,2,3,1
Marco Pašalić,Croatia,67,0,0,0.0,0,2,0
Marcos Llorente,Spain,13,0,0,0.0,0,0,3
Marcos Llorente,Spain,64,0,1,0.0,0,1,1
Marcos Senesi,Argentina,72,0,0,0.28,1,0,0
Marcus Pedersen,Norway,43,1,0,0.13,0,0,1
Marcus Pedersen,Norway,61,0,0,0.0,0,0,0
Marcus Rashford,England,22,1,0,0.06,0,0,0
Marcus Rashford,England,46,0,0,0.0,0,0,0
Marcus Rashford,England,68,0,0,0.26,0,2,1
Marcus Thuram,France,42,0,0,0.0,0,0,0
Marin Pongračić,Croatia,47,0,0,0.0,0,0,0
Marin Pongračić,Croatia,67,0,0,0.09,0,0,0
Mario Pašalić,Croatia,22,0,0,0.02,0,0,0
Mario Pašalić,Croatia,47,0,0,0.0,0,0,0
Mario Pašalić,Croatia,67,0,0,0.09,0,0,0
Mark McKenzie,USA,60,0,0,0.0,0,0,0
Marko Arnautović,Austria,20,1,0,1.11,1,0,1
Marko Arnautović,Austria,41,0,0,0.0,0,0,0
Marko Arnautović,Austria,71,1,0,0.77,0,0,0
Marko Farji,Iraq,18,0,0,0.0,0,0,0
Marko Farji,Iraq,42,0,0,0.0,0,1,1
Marko Stamenić,New Zealand,16,0,0,0.04,0,0,0
Marko Stamenić,New Zealand,40,0,0,0.09,0,1,3
Marko Stamenić,New Zealand,66,0,0,0.0,0,1,0
Marquinhos,Brazil,6,0,0,0.09,0,0,0
Marquinhos,Brazil,31,0,0,0.0,0,0,0
Marquinhos,Brazil,52,0,0,0.0,0,0,0
Martin Baturina,Croatia,22,1,0,0.04,0,1,1
Martin Baturina,Croatia,47,0,0,0.03,0,6,0
Martin Baturina,Croatia,67,0,0,0.0,0,2,2
Martin Experience,Haiti,7,0,0,0.02,0,0,2
Martin Experience,Haiti,31,0,0,0.0,0,0,0
Martin Experience,Haiti,51,0,0,0.0,0,0,0
Martin Ødegaard,Norway,18,0,1,0.04,0,0,1
Martin Ødegaard,Norway,43,0,1,0.75,1,0,1
Marvin Senaya,Ghana,23,0,0,0.0,0,0,0
Marvin Senaya,Ghana,46,0,0,0.04,0,0,0
Marvin Senaya,Ghana,67,0,0,0.03,0,0,0
Marwan Attia,Egypt,14,0,0,0.03,0,0,1
Marwan Attia,Egypt,40,0,0,0.0,0,0,2
Marwan Attia,Egypt,65,0,0,0.0,0,0,0
Matej Kovar,Czechia,2,0,0,0.0,0,0,0
Matej Kovar,Czechia,25,0,0,0.0,0,0,0
Matej Kovar,Czechia,53,0,0,0.0,0,0,0
Mateo Chavez,Mexico,53,1,0,0.43,0,2,1
Mateo Kovačić,Croatia,22,0,0,0.04,0,0,0
Mateo Kovačić,Croatia,47,0,0,0.0,0,0,0
Mateo Kovačić,Croatia,67,0,1,0.04,0,0,1
Matheus Cunha,Brazil,6,0,0,0.0,0,0,0
Matheus Cunha,Brazil,31,2,0,0.83,0,0,0
Matheus Cunha,Brazil,52,1,0,0.39,0,2,1
Matheus Nunes,Portugal,69,0,0,0.0,0,0,0
Mathew Leckie,Australia,29,0,0,0.1,0,1,0
Mathías Olivera,Uruguay,15,0,0,0.05,0,1,2
Mathías Olivera,Uruguay,39,0,0,0.0,0,0,3
Mathías Olivera,Uruguay,64,0,0,0.0,0,1,0
Mathieu Choiniere,Canada,50,0,0,0.0,0,0,1
Matias Fernandez-Pardo,Belgium,14,0,0,0.0,0,0,0
Matias Fernandez-Pardo,Belgium,38,0,0,0.04,0,2,0
Matias Fernandez-Pardo,Belgium,66,0,0,0.3,1,0,4
Matias Galarza,Paraguay,32,1,0,0.09,0,2,0
Matias Galarza,Paraguay,59,0,0,0.0,0,2,1
Matías Viña,Uruguay,15,0,0,0.0,0,0,1
Matt Turner,USA,60,0,0,0.0,0,0,0
Matthew Freese,USA,4,0,0,0.0,0,0,0
Matthew Freese,USA,29,0,0,0.0,0,0,0
Mattias Svanberg,Sweden,12,1,0,0.09,0,0,0
Mauricio,Paraguay,4,1,0,0.22,0,0,0
Mauricio,Paraguay,59,0,0,0.11,0,0,0
Max Crocombe,New Zealand,16,0,0,0.0,0,0,1
Max Crocombe,New Zealand,40,0,0,0.0,0,0,0
Max Crocombe,New Zealand,66,0,0,0.0,0,0,0
Maxence Lacroix,France,61,0,0,0.0,0,0,0
Maxim De Cuyper,Belgium,14,0,0,0.0,0,1,0
Maxim De Cuyper,Belgium,38,0,0,0.89,1,1,0
Maxim De Cuyper,Belgium,66,0,0,0.15,0,0,3
Maxime Crepeau,Canada,3,0,0,0.0,0,0,0
Maxime Crepeau,Canada,27,0,0,0.0,0,0,0
Maxime Crepeau,Canada,50,0,0,0.0,0,0,0
Maximilian Beier,Germany,56,0,0,0.0,0,0,0
Maximiliano Araújo,Uruguay,15,1,0,0.24,0,1,5
Maximiliano Araújo,Uruguay,39,1,1,0.93,0,0,3
Maximiliano Araújo,Uruguay,64,0,0,0.0,0,4,2
Mbekezeli Mbokazi,South Africa,1,0,0,0.01,0,0,1
Mbekezeli Mbokazi,South Africa,25,0,0,0.05,0,0,0
Mbekezeli Mbokazi,South Africa,54,0,0,0.0,0,0,1
Mehdi Ghayedi,Iran,16,0,0,0.03,0,0,1
Mehdi Taremi,Iran,16,0,0,0.2,0,1,1
Mehdi Taremi,Iran,38,0,0,0.18,1,0,2
Mehdi Taremi,Iran,65,0,0,0.92,1,1,1
Memphis Depay,Netherlands,10,0,0,0.0,0,1,1
Memphis Depay,Netherlands,33,0,1,0.0,0,0,1
Memphis Depay,Netherlands,58,0,0,0.0,0,0,0
Merchas Doski,Iraq,18,0,0,0.0,0,1,1
Merchas Doski,Iraq,42,0,0,0.0,0,0,1
Merchas Doski,Iraq,62,0,0,0.02,0,0,0
Merih Demiral,Türkiye,8,0,0,0.02,0,0,1
Merih Demiral,Türkiye,32,0,0,0.32,1,0,0
Mert Muldur,Türkiye,8,0,0,0.0,0,0,1
Mert Muldur,Türkiye,32,0,0,0.2,0,1,2
Mert Muldur,Türkiye,60,0,0,0.0,0,0,0
Meschak Elia,DR Congo,70,0,1,0.02,0,0,3
Michael Boxall,New Zealand,16,0,0,0.0,0,0,0
Michael Boxall,New Zealand,40,0,0,0.0,0,0,0
Michael Boxall,New Zealand,66,0,0,0.0,0,0,0
Michael Gregoritsch,Austria,41,0,0,0.13,0,0,0
Michael Gregoritsch,Austria,71,0,1,0.0,0,0,2
Michael Olise,France,17,0,1,0.36,1,2,4
Michael Olise,France,42,0,2,0.16,0,3,3
Michael Olise,France,61,0,0,0.51,0,1,0
Michal Sadilek,Czechia,2,0,0,0.15,0,0,0
Michal Sadilek,Czechia,25,1,0,0.31,0,0,1
Michal Sadilek,Czechia,53,0,0,0.06,0,0,0
Michel Aebischer,Switzerland,5,0,0,0.24,1,0,3
Michel Aebischer,Switzerland,26,0,0,0.12,0,1,1
Michel Aebischer,Switzerland,50,0,0,0.0,0,1,0
Micky van de Ven,Netherlands,10,0,0,0.02,0,1,0
Micky van de Ven,Netherlands,33,0,0,0.0,0,0,1
Miguel Almiron,Paraguay,4,0,0,0.04,0,2,2
Miguel Almiron,Paraguay,32,0,0,0.0,0,2,0
Mike Maignan,France,17,0,0,0.0,0,0,0
Mike Maignan,France,42,0,0,0.0,0,0,0
Mike Maignan,France,61,0,0,0.0,0,0,0
Mikel Merino,Spain,13,0,0,0.1,0,0,2
Mikel Merino,Spain,37,0,0,0.05,0,0,1
Mikel Merino,Spain,64,0,0,0.0,0,0,0
Mikel Oyarzabal,Spain,13,0,0,0.5,0,0,1
Mikel Oyarzabal,Spain,37,2,1,0.8,0,3,1
Mikel Oyarzabal,Spain,64,0,0,0.02,0,0,0
Milad Mohammadi,Iran,16,0,0,0.0,0,0,0
Milad Mohammadi,Iran,38,0,0,0.0,0,0,1
Milad Mohammadi,Iran,65,0,0,0.12,0,4,1
Miles Robinson,USA,60,0,0,0.06,0,0,1
Miro Muheim,Switzerland,5,0,0,0.0,0,0,0
Mo Abualnadi,Jordan,20,0,0,0.0,0,0,0
Mohamed Abdelmonem,Egypt,40,0,0,0.0,0,0,0
Mohamed Abdelmonem,Egypt,65,0,0,0.0,0,0,0
Mohamed Amoura,Algeria,19,0,0,0.0,0,0,1
Mohamed Belhadj Mahmoud,Tunisia,12,0,0,0.0,0,0,0
Mohamed Belhadj Mahmoud,Tunisia,58,0,0,0.0,0,0,0
Mohamed Hany,Egypt,14,0,0,0.05,0,2,0
Mohamed Hany,Egypt,40,0,1,0.02,0,0,2
Mohamed Hany,Egypt,65,0,0,0.03,0,0,1
Mohamed Kanno,Saudi Arabia,15,0,0,0.11,0,0,0
Mohamed Kanno,Saudi Arabia,37,0,0,0.0,0,0,0
Mohamed Kanno,Saudi Arabia,63,0,0,0.12,1,1,0
Mohamed Naceur Almanai,Qatar,5,0,0,0.0,0,0,0
Mohamed Naceur Almanai,Qatar,27,0,0,0.0,0,0,0
Mohamed Naceur Almanai,Qatar,49,0,0,0.0,0,0,0
Mohamed Salah,Egypt,14,0,1,0.14,1,0,3
Mohamed Salah,Egypt,40,1,1,0.56,0,2,5
Mohamed Salah,Egypt,65,0,0,0.08,0,1,3
Mohamed Toure,Australia,8,0,0,0.05,0,2,1
Mohamed Toure,Australia,29,0,0,0.03,0,0,0
Mohammad Abu Zrayq,Jordan,44,0,0,0.0,0,0,0
Mohammad Abu Zrayq,Jordan,72,0,0,0.0,0,0,0
Mohammad Al Daoud,Jordan,20,0,0,0.0,0,1,0
Mohammad Ali Hasheesh,Jordan,44,0,0,0.0,0,0,0
Mohammad Ghorbani,Iran,65,0,0,0.17,1,1,0
Mohammad Mohebi,Iran,16,1,0,0.32,0,0,1
Mohammad Mohebi,Iran,38,0,0,0.0,0,0,0
Mohammad Mohebi,Iran,65,0,0,0.0,0,0,1
Mohammed Abu Al-Shamat,Saudi Arabia,15,0,0,0.0,0,0,0
Mohammed Abu Al-Shamat,Saudi Arabia,37,0,0,0.0,0,0,0
Mohammed Abu Al-Shamat,Saudi Arabia,63,0,0,0.04,0,0,0
Mohammed Al-Owais,Saudi Arabia,15,0,0,0.0,0,0,0
Mohammed Al-Owais,Saudi Arabia,37,0,0,0.0,0,0,0
Mohammed Al-Owais,Saudi Arabia,63,0,0,0.0,0,0,0
Mohanad Ali,Iraq,18,0,0,0.0,0,0,0
Mohanad Lasheen,Egypt,14,0,0,0.0,0,1,0
Mohanad Lasheen,Egypt,40,0,0,0.0,0,0,1
Mohanad Lasheen,Egypt,65,0,0,0.17,0,1,0
Mohannad Abu Taha,Jordan,20,0,0,0.0,0,1,1
Mohannad Abu Taha,Jordan,44,0,0,0.0,0,2,0
Mohannad Abu Taha,Jordan,72,0,0,0.04,0,1,0
Moise Bombito,Canada,27,0,0,0.0,0,0,0
Moises Caicedo,Ecuador,11,0,0,0.02,0,0,3
Moises Caicedo,Ecuador,35,0,0,0.04,0,1,4
Moises Caicedo,Ecuador,56,0,0,0.02,0,0,1
Mojmir Chytil,Czechia,2,0,0,0.0,0,0,1
Montassar Talbi,Tunisia,12,0,0,0.15,0,0,0
Montassar Talbi,Tunisia,36,0,0,0.0,0,0,0
Montassar Talbi,Tunisia,58,0,0,0.0,0,0,0
Morgan Rogers,England,22,0,0,0.0,0,0,2
Morgan Rogers,England,46,0,0,0.0,0,1,0
Morgan Rogers,England,68,0,0,0.0,0,1,1
Mortadha Ben Ouanes,Tunisia,58,0,0,0.0,0,0,0
Morten Thorsby,Norway,61,0,0,0.0,0,0,0
Mory Diaw,Senegal,43,0,0,0.0,0,1,0
Mory Diaw,Senegal,62,0,0,0.0,0,0,0
Mostafa Shobeir,Egypt,14,0,0,0.0,0,0,0
Mostafa Shobeir,Egypt,40,0,0,0.0,0,0,0
Mostafa Shobeir,Egypt,65,0,0,0.0,0,0,0
Mostafa Ziko,Egypt,14,0,0,0.16,0,0,1
Mostafa Ziko,Egypt,40,1,1,0.52,0,0,2
Mostafa Ziko,Egypt,65,0,0,0.04,0,0,1
Moteb Al-Harbi,Saudi Arabia,15,0,0,0.0,0,1,0
Moteb Al-Harbi,Saudi Arabia,37,0,0,0.0,0,0,0
Moteb Al-Harbi,Saudi Arabia,63,0,0,0.0,0,0,0
Mousa Tamari,Jordan,20,0,0,0.14,0,3,1
Mousa Tamari,Jordan,44,0,1,0.12,0,1,1
Mousa Tamari,Jordan,72,1,0,0.64,0,1,0
Moussa Niakhaté,Senegal,17,0,0,0.0,0,0,0
Moussa Niakhaté,Senegal,43,0,0,0.0,0,1,0
Moussa Niakhaté,Senegal,62,0,0,0.11,0,0,0
Musab Al Juwayr,Saudi Arabia,15,0,0,0.0,0,0,1
Musab Al Juwayr,Saudi Arabia,37,0,0,0.0,0,0,1
Musab Al Juwayr,Saudi Arabia,63,0,0,0.0,0,0,1
Mustafa Saadoon,Iraq,18,0,0,0.0,0,0,0
Nabil Bentaleb,Algeria,19,0,0,0.0,0,0,0
Nabil Bentaleb,Algeria,44,0,0,0.02,0,0,2
Nabil Bentaleb,Algeria,71,0,0,0.0,0,0,2
Nadiem Amiri,Germany,34,0,1,0.08,0,0,1
Nahuel Molina,Argentina,19,0,0,0.0,0,1,1
Nahuel Molina,Argentina,41,0,0,0.0,0,1,0
Nasser Al-Dawsari,Saudi Arabia,15,0,0,0.0,0,0,0
Nasser Al-Dawsari,Saudi Arabia,37,0,0,0.0,0,2,0
Nasser Al-Dawsari,Saudi Arabia,63,0,0,0.03,0,2,0
Nathan Ake,Netherlands,10,0,0,0.0,0,0,0
Nathan Ake,Netherlands,58,0,0,0.12,0,0,1
Nathan Ngoy,Belgium,14,0,0,0.0,0,1,0
Nathan Ngoy,Belgium,38,0,0,0.05,0,0,0
Nathan Patterson,Scotland,7,0,0,0.0,0,0,0
Nathan Patterson,Scotland,30,0,0,0.0,0,0,0
Nathan Patterson,Scotland,52,0,0,0.0,0,0,0
Nathan-Dylan Saliba,Canada,27,1,1,0.14,0,0,2
Nathan-Dylan Saliba,Canada,50,0,1,0.0,0,3,2
Nathanaël Mbuku,DR Congo,48,0,0,0.03,0,0,1
Nathanaël Mbuku,DR Congo,70,0,0,0.02,0,2,1
Nathaniel Brown,Germany,9,1,1,0.42,0,0,3
Nathaniel Brown,Germany,34,0,0,0.09,0,0,0
Nawaf Boushal,Saudi Arabia,15,0,0,0.0,0,0,0
Nawaf Boushal,Saudi Arabia,63,0,0,0.0,0,0,0
Neil El Aynaoui,Morocco,6,0,0,0.22,0,1,1
Neil El Aynaoui,Morocco,30,0,0,0.07,0,0,1
Neil El Aynaoui,Morocco,51,0,0,0.1,0,0,0
Nélson Semedo,Portugal,21,0,0,0.0,0,1,0
Nélson Semedo,Portugal,45,0,0,0.0,0,0,0
Nestory Irankunda,Australia,8,1,0,0.45,0,1,0
Nestory Irankunda,Australia,29,0,0,0.0,0,0,1
Nestory Irankunda,Australia,59,0,0,0.06,0,0,0
Neymar,Brazil,52,0,0,0.01,0,0,3
Ngal'ayel Mukau,DR Congo,21,0,0,0.0,0,1,0
Ngal'ayel Mukau,DR Congo,48,0,0,0.0,0,0,1
Ngal'ayel Mukau,DR Congo,70,0,0,0.02,0,0,0
Nico Elvedi,Switzerland,5,0,0,0.31,0,0,1
Nico Elvedi,Switzerland,26,0,0,0.0,0,0,1
Nico Elvedi,Switzerland,50,0,0,0.0,0,0,0
Nico O'Reilly,England,22,0,0,0.18,1,3,2
Nico O'Reilly,England,46,0,0,0.21,1,0,0
Nico O'Reilly,England,68,0,0,0.18,0,1,2
Nico Paz,Argentina,19,0,0,0.0,0,0,0
Nico Paz,Argentina,72,0,0,0.06,0,2,0
Nico Schlotterbeck,Germany,9,1,0,0.31,0,2,0
Nico Schlotterbeck,Germany,34,0,0,0.0,0,0,1
Nico Williams,Spain,13,0,0,0.0,0,0,0
Nico Williams,Spain,37,0,0,0.0,0,0,0
Nico Williams,Spain,64,0,0,0.0,0,0,0
Nicolás de la Cruz,Uruguay,15,0,0,0.15,0,0,4
Nicolás de la Cruz,Uruguay,39,0,0,0.01,0,0,0
Nicolás de la Cruz,Uruguay,64,0,0,0.02,0,1,0
Nicolás González,Argentina,19,0,1,0.0,0,0,1
Nicolás González,Argentina,41,0,0,0.28,1,1,0
Nicolas Jackson,Senegal,17,0,0,0.13,1,0,2
Nicolas Jackson,Senegal,43,0,1,0.25,0,0,1
Nicolas Jackson,Senegal,62,0,0,0.24,1,1,0
Nicolás Otamendi,Argentina,19,0,0,0.0,0,0,0
Nicolás Otamendi,Argentina,41,0,0,0.0,0,0,0
Nicolás Otamendi,Argentina,72,0,0,0.04,0,0,0
Nicolas Pepe,Ivory Coast,11,0,0,0.22,0,1,0
Nicolas Pepe,Ivory Coast,34,0,0,0.0,0,2,0
Nicolas Pepe,Ivory Coast,55,2,0,0.56,0,1,1
Nicolas Raskin,Belgium,14,0,0,0.0,0,0,1
Nicolas Raskin,Belgium,38,0,0,0.0,0,1,0
Nicolas Raskin,Belgium,66,0,1,0.0,0,0,1
Nicolas Seiwald,Austria,20,0,0,0.0,0,0,0
Nicolas Seiwald,Austria,41,0,0,0.0,0,0,1
Nicolas Seiwald,Austria,71,0,0,0.13,0,1,0
Nicolás Tagliafico,Argentina,41,0,0,0.0,0,0,0
Nicolás Tagliafico,Argentina,72,0,0,0.0,0,0,1
Niko Sigur,Canada,27,0,0,0.04,0,0,0
Nikola Katic,Bosnia and Herzegovina,3,0,0,0.0,0,0,0
Nikola Katic,Bosnia and Herzegovina,26,0,0,0.0,0,0,0
Nikola Katic,Bosnia and Herzegovina,49,0,0,0.07,0,0,0
Nikola Vasilj,Bosnia and Herzegovina,3,0,0,0.0,0,0,0
Nikola Vasilj,Bosnia and Herzegovina,26,0,0,0.0,0,0,0
Nikola Vasilj,Bosnia and Herzegovina,49,0,0,0.0,0,0,0
Nikola Vlašić,Croatia,22,0,0,0.0,0,0,0
Nikola Vlašić,Croatia,67,1,0,0.15,0,0,0
Nilson Angulo,Ecuador,11,0,0,0.0,0,0,1
Nilson Angulo,Ecuador,35,0,0,0.01,0,2,0
Nilson Angulo,Ecuador,56,1,0,0.03,0,4,1
Nishan Velupillay,Australia,8,0,0,0.0,0,0,0
Nishan Velupillay,Australia,29,0,0,0.0,0,0,1
Nizar Mahmoud Al-Rashdan,Jordan,20,0,0,0.0,0,4,1
Nizar Mahmoud Al-Rashdan,Jordan,44,1,0,0.39,1,1,0
Nizar Mahmoud Al-Rashdan,Jordan,72,0,0,0.0,0,1,0
Nkosinathi Sibisi,South Africa,1,0,0,0.0,0,0,0
Noa Lang,Netherlands,33,0,0,0.0,0,0,0
Noa Lang,Netherlands,58,0,0,0.0,0,1,0
Noah Sadiki,DR Congo,21,0,0,0.0,0,0,1
Noah Sadiki,DR Congo,48,0,0,0.0,0,0,0
Noah Sadiki,DR Congo,70,0,0,0.0,0,1,2
Noni Madueke,England,22,0,0,0.08,0,1,2
Noni Madueke,England,46,0,0,0.11,0,0,2
Noni Madueke,England,68,0,0,0.22,1,0,2
Noor Al-Deen Al Rawabdeh,Jordan,20,0,1,0.0,0,1,2
Noor Al-Deen Al Rawabdeh,Jordan,44,0,0,0.03,0,1,0
Noor Al-Deen Al Rawabdeh,Jordan,72,0,0,0.0,0,2,0
Noussair Mazraoui,Morocco,6,0,0,0.0,0,2,0
Noussair Mazraoui,Morocco,30,0,0,0.0,0,0,0
Noussair Mazraoui,Morocco,51,0,0,0.0,0,1,0
Nuno Da Costa,Cape Verde,13,0,0,0.0,0,0,0
Nuno Da Costa,Cape Verde,39,0,0,0.0,0,2,0
Nuno Da Costa,Cape Verde,63,0,0,0.03,0,1,1
Nuno Mendes,Portugal,21,0,0,0.0,0,1,0
Nuno Mendes,Portugal,45,1,0,0.17,0,2,3
Nuno Mendes,Portugal,69,0,0,0.0,0,1,3
Obed Vargas,Mexico,28,0,0,0.02,0,0,0
Obed Vargas,Mexico,53,0,0,0.0,0,0,0
Odeh Fakhoury,Jordan,20,0,0,0.04,0,1,2
Odeh Fakhoury,Jordan,44,0,0,0.0,0,0,0
Odeh Fakhoury,Jordan,72,0,0,0.02,0,0,0
Odiljon Khamrobekov,Uzbekistan,45,0,0,0.06,0,0,0
Odiljon Khamrobekov,Uzbekistan,70,0,0,0.0,0,0,0
Odilon Kossounou,Ivory Coast,11,0,0,0.0,0,0,0
Odilon Kossounou,Ivory Coast,34,0,0,0.0,0,1,0
Odilon Kossounou,Ivory Coast,55,0,0,0.0,0,0,0
Oguz Aydin,Türkiye,60,0,0,0.0,0,0,1
Ollie Watkins,England,68,0,0,0.0,0,0,0
Omar Alderete,Paraguay,4,0,0,0.0,0,0,1
Omar Alderete,Paraguay,32,0,0,0.01,0,0,0
Omar Alderete,Paraguay,59,0,0,0.0,0,0,0
Omar Marmoush,Egypt,14,0,0,0.49,0,4,1
Omar Marmoush,Egypt,40,0,0,0.12,0,2,1
Omar Marmoush,Egypt,65,0,0,0.04,0,1,0
Omar Rekik,Tunisia,12,1,0,0.03,0,0,0
Omar Rekik,Tunisia,36,0,0,0.0,0,0,1
Orbelin Pineda,Mexico,28,0,0,0.0,0,0,1
Ørjan Nyland,Norway,18,0,0,0.0,0,0,0
Ørjan Nyland,Norway,43,0,0,0.0,0,0,0
Orkun Kokcu,Türkiye,8,0,0,0.07,0,0,3
Orkun Kokcu,Türkiye,32,0,0,0.0,0,0,0
Orkun Kokcu,Türkiye,60,0,1,0.68,1,1,2
Orlando Gill,Paraguay,4,0,0,0.0,0,0,0
Orlando Gill,Paraguay,32,0,0,0.0,0,0,0
Orlando Gill,Paraguay,59,0,0,0.0,0,0,0
Orlando Mosquera,Panama,23,0,0,0.0,0,0,1
Orlando Mosquera,Panama,47,0,0,0.0,0,0,0
Orlando Mosquera,Panama,68,0,0,0.0,0,0,0
Oscar Bobb,Norway,18,0,0,0.0,0,0,1
Oscar Bobb,Norway,43,0,0,0.18,0,0,0
Oscar Bobb,Norway,61,0,0,0.32,1,1,0
Oston Urunov,Uzbekistan,24,0,0,0.0,0,1,0
Oston Urunov,Uzbekistan,70,0,0,0.0,0,0,0
Oswin Appollis,South Africa,1,0,0,0.0,0,0,0
Oswin Appollis,South Africa,25,0,0,0.02,0,2,0
Oswin Appollis,South Africa,54,0,0,0.03,0,1,0
Otabek Shukurov,Uzbekistan,24,0,0,0.0,0,1,1
Otabek Shukurov,Uzbekistan,45,0,0,0.05,0,0,0
Otabek Shukurov,Uzbekistan,70,0,0,0.0,0,0,0
Oumar Diakite,Ivory Coast,55,0,0,0.0,0,2,0
Ousmane Dembélé,France,17,0,0,0.03,0,0,0
Ousmane Dembélé,France,42,1,1,0.64,0,3,3
Ousmane Dembélé,France,61,3,0,0.29,0,0,2
Ousmane Diomande,Ivory Coast,55,0,0,0.0,0,0,0
Oussama Benbot,Algeria,71,0,0,0.0,0,0,0
Ozan Kabak,Türkiye,60,0,0,0.0,0,1,1
Pablo Gavi,Spain,13,0,0,0.05,0,0,0
Pape Gueye,Senegal,17,0,0,0.0,0,0,0
Pape Gueye,Senegal,43,0,0,0.0,0,0,0
Pape Gueye,Senegal,62,2,1,0.33,0,0,3
Pape Matar Sarr,Senegal,43,0,0,0.05,0,0,0
Pascal Gross,Germany,56,0,0,0.02,0,0,1
Pathé Ismaël Ciss,Senegal,17,0,0,0.0,0,0,0
Pathé Ismaël Ciss,Senegal,43,0,0,0.0,0,0,0
Pathé Ismaël Ciss,Senegal,62,0,0,0.24,1,0,0
Patrick Beach,Australia,8,0,0,0.0,0,0,0
Patrick Beach,Australia,29,0,0,0.0,0,0,0
Patrick Beach,Australia,59,0,0,0.0,0,1,0
Patrick Berg,Norway,18,0,0,0.0,0,0,0
Patrick Berg,Norway,43,0,1,0.0,0,2,1
Patrick Berg,Norway,61,0,0,0.07,0,0,1
Patrick Wimmer,Austria,20,0,0,0.0,0,0,0
Patrick Wimmer,Austria,41,0,0,0.09,0,0,0
Patrik Schick,Czechia,2,0,0,0.0,0,0,0
Patrik Schick,Czechia,25,0,0,0.2,2,0,0
Patrik Schick,Czechia,53,0,0,0.0,0,0,0
Pau Cubarsí,Spain,13,0,0,0.03,0,0,1
Pau Cubarsí,Spain,37,0,0,0.0,0,0,2
Pau Cubarsí,Spain,64,0,0,0.12,0,0,0
Paul Okon-Engstler,Australia,8,0,1,0.0,0,0,2
Paul Okon-Engstler,Australia,29,0,0,0.0,0,0,0
Paul Okon-Engstler,Australia,59,0,0,0.0,0,0,0
Paul Wanner,Austria,20,0,0,0.0,0,0,0
Paul Wanner,Austria,41,0,0,0.14,1,1,1
Paul Wanner,Austria,71,0,0,0.0,0,1,0
Pavel Sulc,Czechia,2,0,0,0.01,0,1,0
Pavel Sulc,Czechia,25,0,0,0.0,0,1,1
Pavel Sulc,Czechia,53,0,0,0.03,0,1,0
Pedri,Spain,13,0,0,0.1,0,3,5
Pedri,Spain,37,0,0,0.08,0,0,0
Pedri,Spain,64,0,0,0.0,0,1,1
Pedro Miguel,Qatar,5,0,0,0.0,0,1,0
Pedro Miguel,Qatar,27,0,0,0.0,0,1,0
Pedro Miguel,Qatar,49,0,0,0.22,1,0,0
Pedro Neto,Portugal,21,0,1,0.0,0,0,1
Pedro Neto,Portugal,45,0,0,0.0,0,1,0
Pedro Neto,Portugal,69,0,0,0.0,0,1,1
Pedro Porro,Spain,37,0,0,0.22,0,0,3
Pedro Vite,Ecuador,11,0,0,0.05,0,0,1
Pedro Vite,Ecuador,35,0,0,0.06,0,0,6
Pedro Vite,Ecuador,56,0,1,0.0,0,0,1
Pervis Estupinan,Ecuador,35,0,0,0.0,0,0,1
Pervis Estupinan,Ecuador,56,0,0,0.0,0,0,0
Petar Musa,Croatia,22,1,0,0.14,0,0,0
Petar Musa,Croatia,47,0,0,0.0,0,0,0
Petar Sučić,Croatia,22,0,1,0.01,0,1,1
Petar Sučić,Croatia,47,0,0,0.0,0,0,0
Petar Sučić,Croatia,67,1,0,0.04,0,0,1
Philipp Lienhart,Austria,20,0,0,0.0,0,0,0
Philipp Lienhart,Austria,71,0,0,0.11,0,0,0
Phillipp Mwene,Austria,20,0,0,0.0,0,0,1
Phillipp Mwene,Austria,71,0,0,0.05,0,0,1
Pico,Cape Verde,39,0,0,0.11,0,0,0
Pico,Cape Verde,63,0,0,0.14,0,0,0
Piero Hincapie,Ecuador,11,0,0,0.16,0,0,0
Piero Hincapie,Ecuador,35,0,0,0.34,1,1,2
Piero Hincapie,Ecuador,56,0,0,0.0,0,0,0
Prince Kwabena Adu,Ghana,23,0,0,0.0,0,0,0
Prince Kwabena Adu,Ghana,46,0,0,0.13,1,0,0
Promise David,Canada,3,0,1,0.04,0,0,1
Promise David,Canada,50,1,0,0.76,0,0,0
Quinten Timber,Netherlands,10,0,0,0.0,0,0,1
Rafael Leão,Portugal,21,0,0,0.0,0,0,1
Rafael Leão,Portugal,45,1,0,0.17,0,2,0
Rafael Leão,Portugal,69,0,0,0.04,0,3,0
Rafik Belghali,Algeria,19,0,0,0.0,0,0,1
Rafik Belghali,Algeria,44,0,0,0.03,0,2,1
Rafik Belghali,Algeria,71,1,0,0.11,0,1,1
Rahman Baba,Ghana,46,0,0,0.0,0,0,0
Rami Rabia,Egypt,14,0,0,0.0,0,0,0
Rami Rabia,Egypt,40,0,0,0.0,0,0,0
Rami Rabia,Egypt,65,0,0,0.0,0,0,0
Ramin Rezaeian,Iran,16,1,1,0.35,0,1,3
Ramin Rezaeian,Iran,38,0,0,0.0,0,0,2
Ramin Rezaeian,Iran,65,1,0,0.23,1,0,1
Ramiz Zerrouki,Algeria,19,0,0,0.0,0,0,0
Ramiz Zerrouki,Algeria,44,0,0,0.0,0,0,0
Ramon Sosa,Paraguay,4,0,0,0.0,0,0,0
Ramy Bensebaini,Algeria,19,0,0,0.0,0,0,0
Ramy Bensebaini,Algeria,44,0,0,0.05,0,1,0
Ramy Bensebaini,Algeria,71,0,0,0.02,0,0,0
Rani Khedira,Tunisia,12,0,0,0.02,0,0,0
Rani Khedira,Tunisia,36,0,0,0.0,0,0,0
Rani Khedira,Tunisia,58,0,0,0.0,0,0,0
Raphinha,Brazil,6,0,0,0.15,0,1,3
Raphinha,Brazil,31,0,0,0.25,0,0,0
Raul Jimenez,Mexico,1,1,0,0.81,0,0,2
Raul Jimenez,Mexico,28,0,0,0.28,1,0,0
Raul Rangel,Mexico,1,0,0,0.0,0,0,0
Raul Rangel,Mexico,28,0,0,0.0,0,0,0
Raul Rangel,Mexico,53,0,0,0.0,0,0,0
Rayan,Brazil,31,0,0,0.0,0,0,1
Rayan,Brazil,52,0,1,0.65,1,2,4
Rayan Aït-Nouri,Algeria,19,0,0,0.0,0,3,0
Rayan Aït-Nouri,Algeria,44,0,0,0.06,0,1,0
Rayan Aït-Nouri,Algeria,71,0,0,0.0,0,2,0
Rayan Cherki,France,17,0,0,0.0,0,0,0
Rayan Cherki,France,42,0,0,0.0,0,1,1
Rayan Cherki,France,61,0,0,0.0,0,0,0
Rebin Sulaka,Iraq,42,0,0,0.09,0,0,0
Rebin Sulaka,Iraq,62,0,0,0.0,0,0,0
Redouane Halhal,Morocco,51,0,0,0.0,0,0,0
Reece James,England,22,0,0,0.04,0,0,0
Reece James,England,46,0,0,0.0,0,0,2
Relebohile Mofokeng,South Africa,25,0,0,0.05,0,0,1
Relebohile Mofokeng,South Africa,54,0,0,0.08,0,0,4
Remo Freuler,Switzerland,5,0,0,0.0,0,0,1
Remo Freuler,Switzerland,26,0,0,0.01,0,1,1
Remo Freuler,Switzerland,50,0,0,0.0,0,0,0
Renato Veiga,Portugal,21,0,0,0.0,0,0,0
Renato Veiga,Portugal,45,0,0,0.0,0,0,0
Renato Veiga,Portugal,69,0,0,0.0,0,0,1
Ricardo Ade,Haiti,7,0,0,0.03,0,0,0
Ricardo Ade,Haiti,31,0,0,0.08,0,0,0
Ricardo Ade,Haiti,51,0,0,0.05,0,0,0
Ricardo Pepi,USA,4,0,0,0.09,0,0,1
Ricardo Pepi,USA,29,0,0,0.11,0,1,0
Ricardo Pepi,USA,60,0,0,0.2,0,0,1
Ricardo Rodriguez,Switzerland,5,0,0,0.0,0,0,2
Ricardo Rodriguez,Switzerland,26,0,0,0.0,0,0,0
Ricardo Rodriguez,Switzerland,50,0,0,0.0,0,0,2
Richard Ríos,Colombia,24,0,0,0.0,0,0,0
Richard Ríos,Colombia,48,0,0,0.0,0,0,0
Richard Ríos,Colombia,69,0,0,0.26,1,0,0
Richie Laryea,Canada,3,0,0,0.26,1,2,2
Richie Laryea,Canada,27,0,0,0.03,0,0,3
Richie Laryea,Canada,50,0,0,0.0,0,1,0
Riechedly Bazoer,Curaçao,9,0,0,0.0,0,0,0
Ritsu Doan,Japan,10,0,0,0.0,0,0,0
Ritsu Doan,Japan,36,0,0,0.0,0,0,0
Ritsu Doan,Japan,57,0,1,0.02,0,0,1
Riyad Mahrez,Algeria,19,0,0,0.11,0,0,0
Riyad Mahrez,Algeria,44,0,1,0.42,1,1,3
Riyad Mahrez,Algeria,71,2,0,0.75,0,0,2
Roberto Alvarado,Mexico,1,0,1,0.0,0,2,2
Roberto Alvarado,Mexico,28,0,0,0.02,0,1,1
Roberto Alvarado,Mexico,53,0,1,0.06,0,0,3
Robin Hranac,Czechia,2,0,0,0.0,0,0,0
Robin Hranac,Czechia,25,0,0,0.0,0,0,0
Robin Hranac,Czechia,53,0,0,0.0,0,0,0
Rodri,Spain,13,0,0,0.11,0,0,3
Rodri,Spain,37,0,0,0.04,0,2,1
Rodri,Spain,64,0,0,0.0,0,0,0
Rodrigo Aguirre,Uruguay,15,0,0,0.0,0,0,0
Rodrigo Bentancur,Uruguay,15,0,0,0.2,0,2,2
Rodrigo Bentancur,Uruguay,39,0,0,0.11,0,2,0
Rodrigo Bentancur,Uruguay,64,0,0,0.02,0,0,0
Rodrigo De Paul,Argentina,19,0,1,0.0,0,1,1
Rodrigo De Paul,Argentina,41,0,0,0.0,0,0,0
Roger Ibanez,Brazil,6,0,0,0.0,0,1,0
Romano Schmid,Austria,20,1,0,0.05,0,0,1
Romano Schmid,Austria,41,0,0,0.0,0,3,0
Romano Schmid,Austria,71,0,0,0.0,0,0,0
Romelu Lukaku,Belgium,14,0,0,0.26,1,0,0
Romelu Lukaku,Belgium,38,0,0,0.03,0,1,0
Romelu Lukaku,Belgium,66,1,1,0.52,0,0,1
Ronwen Williams,South Africa,1,0,0,0.0,0,0,0
Ronwen Williams,South Africa,25,0,0,0.0,0,0,0
Ronwen Williams,South Africa,54,0,0,0.0,0,0,0
Roshon van Eijma,Curaçao,35,0,0,0.0,0,0,0
Ross Stewart,Scotland,30,0,0,0.0,0,0,0
Rúben Dias,Portugal,45,0,0,0.0,0,1,0
Rúben Dias,Portugal,69,0,0,0.0,0,1,0
Rúben Neves,Portugal,69,0,0,0.03,0,0,0
Ruben Providence,Haiti,7,0,0,0.11,1,1,1
Ruben Providence,Haiti,31,0,0,0.03,0,1,1
Ruben Providence,Haiti,51,0,0,0.0,0,3,0
Ruben Vargas,Switzerland,5,0,0,0.37,2,2,5
Ruben Vargas,Switzerland,26,1,1,0.36,0,0,1
Ruben Vargas,Switzerland,50,1,0,0.25,0,0,0
Rustam Ashurmatov,Uzbekistan,24,0,0,0.0,0,0,0
Rustam Ashurmatov,Uzbekistan,45,0,0,0.0,0,0,0
Rustam Ashurmatov,Uzbekistan,70,0,0,0.0,0,1,0
Ryan Christie,Scotland,7,0,0,0.0,0,0,0
Ryan Christie,Scotland,30,0,0,0.04,0,0,0
Ryan Christie,Scotland,52,0,0,0.02,0,0,0
Ryan Gravenberch,Netherlands,10,0,2,0.0,0,2,2
Ryan Gravenberch,Netherlands,33,0,0,0.03,0,0,0
Ryan Gravenberch,Netherlands,58,0,0,0.1,0,0,0
Ryan Mendes,Cape Verde,13,0,0,0.02,0,0,0
Ryan Mendes,Cape Verde,39,0,0,0.09,0,2,1
Ryan Mendes,Cape Verde,63,0,0,0.08,0,2,1
Ryan Thomas,New Zealand,16,0,0,0.0,0,0,0
Ryan Thomas,New Zealand,40,0,0,0.0,0,0,0
Ryan Thomas,New Zealand,66,0,0,0.0,0,0,0
Saad Al Rousan,Jordan,20,0,0,0.0,0,0,0
Sadio Mané,Senegal,17,0,0,0.03,0,1,0
Sadio Mané,Senegal,43,0,1,0.0,0,5,5
Sadio Mané,Senegal,62,0,0,0.6,1,0,4
Saeid Ezatolahi,Iran,16,0,0,0.05,0,1,0
Saeid Ezatolahi,Iran,38,0,0,0.14,0,0,0
Saeid Ezatolahi,Iran,65,0,0,0.36,1,0,0
Saleem Obaid,Jordan,20,0,0,0.0,0,0,0
Saleem Obaid,Jordan,44,0,0,0.0,0,0,0
Saleem Obaid,Jordan,72,0,0,0.0,0,0,0
Saleh Hardani,Iran,38,0,0,0.0,0,0,0
Saleh Hardani,Iran,65,0,0,0.0,0,0,0
Salem Al-Dawsari,Saudi Arabia,15,0,0,0.03,0,1,0
Salem Al-Dawsari,Saudi Arabia,37,0,0,0.03,0,4,0
Salem Al-Dawsari,Saudi Arabia,63,0,0,0.05,0,2,0
Salih Ozcan,Türkiye,8,0,0,0.0,0,0,0
Salih Ozcan,Türkiye,60,0,0,0.0,0,0,0
Saman Ghoddos,Iran,16,0,0,0.13,0,0,1
Saman Ghoddos,Iran,38,0,0,0.0,0,0,0
Saman Ghoddos,Iran,65,0,0,0.19,0,1,0
Samed Bazdar,Bosnia and Herzegovina,3,0,0,0.0,0,1,0
Samir El Mourabet,Morocco,6,0,0,0.0,0,0,0
Samir El Mourabet,Morocco,30,0,0,0.0,0,0,2
Samir El Mourabet,Morocco,51,0,0,0.0,0,1,0
Samir Sophian Chergui,Algeria,71,0,0,0.0,0,0,0
Samú Costa,Portugal,69,0,0,0.0,0,0,0
Samuel Moutoussamy,DR Congo,21,0,0,0.06,0,1,0
Samuel Moutoussamy,DR Congo,48,0,0,0.04,0,0,0
Samuel Moutoussamy,DR Congo,70,0,0,0.0,0,0,2
Sander Berge,Norway,18,0,0,0.0,0,1,0
Sander Berge,Norway,43,0,0,0.0,0,0,0
Santiago Arias,Colombia,69,0,0,0.0,0,0,5
Santiago Gimenez,Mexico,28,0,0,0.0,0,0,0
Santiago Gimenez,Mexico,53,0,0,0.1,1,0,0
Sarpreet Singh,New Zealand,16,0,0,0.16,0,2,1
Sarpreet Singh,New Zealand,40,0,0,0.06,0,0,0
Sarpreet Singh,New Zealand,66,0,0,0.0,0,0,0
Saša Kalajdžić,Austria,20,0,0,0.12,0,1,1
Saša Kalajdžić,Austria,71,1,0,0.17,0,0,0
Saud Abdulhamid,Saudi Arabia,15,0,0,0.04,0,0,0
Saud Abdulhamid,Saudi Arabia,37,0,0,0.0,0,0,0
Saud Abdulhamid,Saudi Arabia,63,0,0,0.01,0,1,1
Scott McKenna,Scotland,52,0,0,0.0,0,0,0
Scott McTominay,Scotland,7,0,0,0.16,0,1,0
Scott McTominay,Scotland,30,0,0,0.13,0,2,1
Scott McTominay,Scotland,52,0,0,0.63,1,1,0
Sead Kolasinac,Bosnia and Herzegovina,3,0,1,0.0,0,0,1
Sead Kolasinac,Bosnia and Herzegovina,26,0,0,0.0,0,1,0
Sead Kolasinac,Bosnia and Herzegovina,49,0,0,0.0,0,0,2
Sebastian Berhalter,USA,4,0,0,0.02,0,0,0
Sebastian Berhalter,USA,29,0,0,0.0,0,0,0
Sebastian Berhalter,USA,60,1,1,0.05,0,1,5
Sebastián Cáceres,Uruguay,15,0,0,0.13,0,0,0
Sebastián Cáceres,Uruguay,39,0,0,0.02,0,0,0
Sebastián Cáceres,Uruguay,64,0,0,0.0,0,0,0
Sebastian Tounekti,Tunisia,12,0,0,0.0,0,0,0
Sebastian Tounekti,Tunisia,36,0,0,0.0,0,0,0
Sebastian Tounekti,Tunisia,58,0,0,0.0,0,0,0
Seko Fofana,Ivory Coast,11,0,0,0.27,0,1,1
Seko Fofana,Ivory Coast,34,0,0,0.02,0,0,0
Sergino Dest,USA,4,0,0,0.0,0,4,0
Sergino Dest,USA,29,0,0,0.13,0,2,1
Sergino Dest,USA,60,0,0,0.0,0,1,1
Sergio Rochet,Uruguay,64,0,0,0.0,0,0,0
Seung Ho Paik,South Korea,2,0,0,0.0,0,0,0
Seung Ho Paik,South Korea,28,0,0,0.0,0,0,0
Seung Ho Paik,South Korea,54,0,0,0.0,0,0,0
Shahriar Moghanlou,Iran,16,0,0,0.2,0,0,0
Shahriar Moghanlou,Iran,38,0,0,0.0,0,0,0
Shahriar Moghanlou,Iran,65,0,0,0.0,0,0,2
Sherel Constancio Floranus,Curaçao,9,0,0,0.0,0,0,0
Sherel Constancio Floranus,Curaçao,35,0,0,0.05,0,0,0
Sherel Constancio Floranus,Curaçao,55,0,0,0.07,0,1,1
Sherzod Esanov,Uzbekistan,45,0,0,0.0,0,0,0
Sherzod Nasrullaev,Uzbekistan,24,0,0,0.0,0,0,0
Sherzod Nasrullaev,Uzbekistan,45,0,0,0.08,0,0,0
Sherzod Nasrullaev,Uzbekistan,70,0,0,0.0,0,1,0
Shogo Taniguchi,Japan,10,0,0,0.0,0,0,0
Shogo Taniguchi,Japan,57,0,0,0.0,0,0,0
Shoja Khalilzadeh,Iran,16,0,0,0.0,0,0,0
Shoja Khalilzadeh,Iran,38,0,0,0.02,0,0,0
Shoja Khalilzadeh,Iran,65,0,0,0.13,0,0,0
Shurandy Sambo,Curaçao,55,0,0,0.0,0,0,0
Sidny Lopes Cabral,Cape Verde,13,0,0,0.0,0,1,1
Sidny Lopes Cabral,Cape Verde,39,0,0,0.03,0,1,0
Silvan Widmer,Switzerland,26,0,0,0.0,0,0,0
Silvan Widmer,Switzerland,50,0,0,0.0,0,0,0
Simon Adingra,Ivory Coast,34,0,0,0.0,0,0,1
Simon Banza,DR Congo,21,0,0,0.0,0,0,0
Simon Banza,DR Congo,48,0,0,0.0,0,0,1
Siphephelo Sithole,South Africa,1,0,0,0.0,0,0,0
Siphephelo Sithole,South Africa,54,0,0,0.0,0,1,1
Sofyan Amrabat,Morocco,51,0,0,0.0,0,0,0
Son Heung-min,South Korea,2,0,0,1.01,1,0,1
Son Heung-min,South Korea,28,0,0,0.0,0,3,1
Son Heung-min,South Korea,54,0,0,0.03,0,0,0
Sondre Langås,Norway,61,0,0,0.0,0,0,0
Sontje Hansen,Curaçao,9,0,0,0.03,0,0,2
Soufiane Rahimi,Morocco,6,0,0,0.0,0,0,0
Soufiane Rahimi,Morocco,30,0,0,0.0,0,0,0
Soufiane Rahimi,Morocco,51,1,1,0.12,0,1,1
Stefan Posch,Austria,20,0,0,0.17,1,0,0
Stefan Posch,Austria,41,0,0,0.0,0,0,1
Stefan Posch,Austria,71,0,0,0.0,0,0,0
Stepan Chaloupek,Czechia,2,0,0,0.0,0,0,0
Stephen Eustaquio,Canada,3,0,0,0.02,0,0,3
Stephen Eustaquio,Canada,27,0,0,0.02,0,0,1
Stephen Eustaquio,Canada,50,0,0,0.0,0,1,0
Steve Kapuadi,DR Congo,21,0,0,0.19,0,0,1
Steve Kapuadi,DR Congo,48,0,0,0.0,0,0,1
Steven Moreira,Cape Verde,13,0,0,0.01,0,1,0
Steven Moreira,Cape Verde,39,0,0,0.0,0,0,0
Steven Moreira,Cape Verde,63,0,0,0.0,0,0,0
Stjepan Radeljic,Bosnia and Herzegovina,49,0,0,0.02,0,0,0
Sultan Al-Brake,Qatar,27,0,0,0.0,0,1,0
Sultan Al-Brake,Qatar,49,0,0,0.0,0,0,1
Sultan Mandash,Saudi Arabia,63,0,0,0.0,0,0,0
Taha Abdi Ali,Sweden,33,0,0,0.0,0,1,2
Tahith Chong,Curaçao,9,0,0,0.05,0,5,0
Tahith Chong,Curaçao,35,0,0,0.0,0,4,2
Tahith Chong,Curaçao,55,0,0,0.07,0,2,0
Tajon Buchanan,Canada,3,0,0,0.0,0,0,0
Tajon Buchanan,Canada,27,0,0,0.6,1,4,2
Tajon Buchanan,Canada,50,0,0,0.0,0,0,1
Takefusa Kubo,Japan,10,0,1,0.03,0,0,1
Takehiro Tomiyasu,Japan,10,0,0,0.0,0,0,0
Takehiro Tomiyasu,Japan,36,0,0,0.19,1,0,0
Tani Oluwaseyi,Canada,3,0,0,0.18,0,1,2
Tani Oluwaseyi,Canada,27,0,0,0.1,0,0,0
Tani Oluwaseyi,Canada,50,0,0,0.0,0,1,0
Tarik Muharemovic,Bosnia and Herzegovina,3,0,0,0.18,0,1,0
Tarik Muharemovic,Bosnia and Herzegovina,26,0,0,0.0,0,0,0
Teboho Mokoena,South Africa,1,0,0,0.0,0,0,1
Teboho Mokoena,South Africa,25,1,0,0.8,0,1,5
Telmo Arcanjo,Cape Verde,13,0,0,0.0,0,0,2
Telmo Arcanjo,Cape Verde,39,0,0,0.0,0,1,0
Tete Yengi,Australia,8,0,0,0.0,0,0,0
Tete Yengi,Australia,59,0,0,0.07,0,0,0
Teun Koopmeiners,Netherlands,10,0,0,0.16,0,0,0
Teun Koopmeiners,Netherlands,33,0,0,0.0,0,0,0
Teun Koopmeiners,Netherlands,58,0,0,0.0,0,0,1
Thalente Mbatha,South Africa,1,0,0,0.0,0,0,0
Thalente Mbatha,South Africa,25,0,0,0.01,0,0,0
Thalente Mbatha,South Africa,54,0,0,0.06,0,0,0
Thapelo Maseko,South Africa,25,0,0,0.15,0,2,0
Thapelo Maseko,South Africa,54,1,0,0.38,0,1,1
Thelo Aasgaard,Norway,61,1,0,0.14,0,0,1
Themba Zwane,South Africa,1,0,0,0.0,0,0,0
Théo Bongonda,DR Congo,70,0,0,0.07,0,1,0
Theo Hernández,France,17,0,0,0.12,0,0,0
Theo Hernández,France,61,0,0,0.05,0,0,1
Thiago Almada,Argentina,19,0,0,0.02,0,0,0
Thiago Almada,Argentina,41,0,0,0.0,0,0,1
Thiago Almada,Argentina,72,0,0,0.05,0,1,0
Thibaut Courtois,Belgium,14,0,0,0.0,0,0,0
Thibaut Courtois,Belgium,38,0,0,0.0,0,0,0
Thibaut Courtois,Belgium,66,0,0,0.0,0,0,0
Thomas Meunier,Belgium,14,0,0,0.07,0,0,1
Thomas Meunier,Belgium,38,0,0,0.0,0,1,0
Thomas Partey,Ghana,46,0,0,0.0,0,1,0
Thomas Partey,Ghana,67,0,0,0.0,0,0,0
Tijjani Reijnders,Netherlands,10,0,0,0.0,0,0,2
Tijjani Reijnders,Netherlands,33,0,0,0.03,0,0,0
Tijjani Reijnders,Netherlands,58,0,1,0.25,1,1,3
Tim Payne,New Zealand,16,0,0,0.0,0,0,0
Tim Payne,New Zealand,40,0,1,0.0,0,0,1
Tim Payne,New Zealand,66,0,0,0.03,0,1,0
Tim Ream,USA,4,0,0,0.0,0,1,0
Tim Ream,USA,29,0,0,0.0,0,0,0
Tim Weah,USA,4,0,0,0.05,0,0,0
Tim Weah,USA,60,0,0,0.0,0,1,0
Timothy Castagne,Belgium,14,0,0,0.0,0,0,1
Timothy Castagne,Belgium,38,0,0,0.0,0,0,3
Timothy Castagne,Belgium,66,0,0,0.05,0,0,0
Tomás Araújo,Portugal,21,0,0,0.0,0,0,1
Tomas Chory,Czechia,2,0,0,0.0,0,0,0
Tomas Chory,Czechia,53,0,0,0.0,0,0,0
Tomas Holes,Czechia,25,0,0,0.0,0,1,0
Tomas Holes,Czechia,53,0,0,0.0,0,0,0
Tomás Rodríguez,Panama,47,0,0,0.0,0,0,0
Tomás Rodríguez,Panama,68,0,0,0.03,0,0,1
Tomas Soucek,Czechia,2,0,0,0.28,0,0,0
Tomas Soucek,Czechia,25,0,0,0.0,0,0,0
Tomas Soucek,Czechia,53,0,0,0.0,0,0,0
Tony Ralston,Scotland,30,0,0,0.0,0,0,0
Tony Ralston,Scotland,52,0,0,0.06,0,0,1
Torbjørn Heggem,Norway,18,0,0,0.0,0,0,0
Torbjørn Heggem,Norway,43,0,0,0.0,0,1,0
Tshepang Moremi,South Africa,54,0,1,0.0,0,1,1
Tsuyoshi Watanabe,Japan,10,0,0,0.0,0,0,1
Tsuyoshi Watanabe,Japan,57,0,0,0.0,0,0,0
Tyler Adams,USA,4,0,0,0.0,0,2,1
Tyler Adams,USA,29,0,0,0.0,0,0,1
Tyler Bindon,New Zealand,16,0,0,0.0,0,0,0
Tyler Bindon,New Zealand,40,0,0,0.53,1,1,0
Tyler Bindon,New Zealand,66,0,0,0.06,0,0,0
Tyrese Noslin,Curaçao,55,0,0,0.0,0,0,0
Ugurcan Cakir,Türkiye,8,0,0,0.0,0,0,0
Ugurcan Cakir,Türkiye,32,0,0,0.0,0,0,0
Ugurcan Cakir,Türkiye,60,0,0,0.0,0,0,0
Unai Simón,Spain,13,0,0,0.0,0,0,0
Unai Simón,Spain,37,0,0,0.0,0,0,0
Unai Simón,Spain,64,0,0,0.0,0,0,0
Utkir Yusupov,Uzbekistan,24,0,0,0.0,0,0,0
Valentín Barco,Argentina,72,0,0,0.0,0,0,0
Victor Lindelof,Sweden,12,0,0,0.14,0,0,0
Victor Lindelof,Sweden,33,0,0,0.0,0,0,0
Victor Lindelof,Sweden,57,0,0,0.19,1,0,0
Viktor Gyokeres,Sweden,12,1,1,0.63,1,1,4
Viktor Gyokeres,Sweden,33,0,0,0.26,0,0,3
Viktor Gyokeres,Sweden,57,0,1,0.03,0,0,1
Vinicius Junior,Brazil,6,1,0,0.08,0,0,2
Vinicius Junior,Brazil,31,1,1,0.37,0,2,1
Vinicius Junior,Brazil,52,2,0,3.06,2,5,2
Virgil van Dijk,Netherlands,10,1,0,0.06,0,0,0
Virgil van Dijk,Netherlands,33,0,0,0.0,0,0,0
Virgil van Dijk,Netherlands,58,0,1,0.04,0,0,1
Vitinha,Portugal,21,0,0,0.0,0,1,0
Vitinha,Portugal,45,0,0,0.02,0,0,1
Vitinha,Portugal,69,0,0,0.03,0,1,1
Vladimir Coufal,Czechia,2,0,1,0.0,0,0,1
Vladimir Coufal,Czechia,25,0,0,0.0,0,2,5
Vladimir Coufal,Czechia,53,0,0,0.02,0,0,1
Vladimir Darida,Czechia,25,0,0,0.15,0,2,0
Vozinha,Cape Verde,13,0,0,0.0,0,0,0
Vozinha,Cape Verde,39,0,0,0.0,0,0,0
Vozinha,Cape Verde,63,0,0,0.0,0,0,0
Wagner Pina,Cape Verde,63,0,0,0.14,0,1,2
Waldemar Anton,Germany,9,0,0,0.0,0,0,0
Weston McKennie,USA,4,0,0,0.0,0,3,3
Weston McKennie,USA,29,0,0,0.28,1,1,3
Weston McKennie,USA,60,0,0,0.31,0,2,1
Wilfried Singo,Ivory Coast,11,0,1,0.05,0,0,1
Wilfried Singo,Ivory Coast,34,0,0,0.09,0,5,0
William Saliba,France,17,0,0,0.0,0,0,0
William Saliba,France,42,0,0,0.05,0,0,0
Willian Pacho,Ecuador,11,0,0,0.0,0,0,0
Willian Pacho,Ecuador,35,0,0,0.07,0,0,0
Willian Pacho,Ecuador,56,0,0,0.0,0,0,0
Willy Semedo,Cape Verde,13,0,0,0.0,0,0,0
Willy Semedo,Cape Verde,63,0,0,0.05,0,2,1
Wilson Isidor,Haiti,7,0,0,0.04,0,0,1
Wilson Isidor,Haiti,31,0,0,0.08,0,0,1
Wilson Isidor,Haiti,51,1,0,0.03,0,0,0
Xaver Schlager,Austria,20,0,1,0.0,0,0,1
Xaver Schlager,Austria,41,0,0,0.0,0,0,0
Xaver Schlager,Austria,71,0,0,0.01,0,0,0
Yahia Fofana,Ivory Coast,11,0,0,0.0,0,0,0
Yahia Fofana,Ivory Coast,34,0,0,0.0,0,0,0
Yahia Fofana,Ivory Coast,55,0,0,0.0,0,0,0
Yan Diomande,Ivory Coast,11,0,0,0.2,0,4,5
Yan Diomande,Ivory Coast,34,0,0,0.07,0,4,2
Yan Diomande,Ivory Coast,55,0,1,0.0,0,2,3
Yan Valery,Tunisia,12,0,0,0.0,0,3,0
Yan Valery,Tunisia,36,0,0,0.0,0,1,0
Yan Valery,Tunisia,58,0,0,0.0,0,0,2
Yang Hyun-Jun,South Korea,28,0,0,0.26,1,0,0
Yannick Semedo,Cape Verde,39,0,0,0.0,0,0,0
Yasin Ayari,Sweden,12,2,0,0.07,0,0,1
Yasin Ayari,Sweden,33,0,0,0.23,1,1,0
Yasin Ayari,Sweden,57,0,0,0.0,0,1,3
Yasser Ibrahim,Egypt,14,0,0,0.0,0,0,0
Yasser Ibrahim,Egypt,40,0,0,0.0,0,0,0
Yasser Ibrahim,Egypt,65,0,0,0.0,0,0,0
Yassin Fortune,Haiti,7,0,0,0.0,0,0,0
Yazan Al-Arab,Jordan,20,0,0,0.0,0,0,0
Yazan Al-Arab,Jordan,44,0,0,0.0,0,0,0
Yazan Al-Arab,Jordan,72,0,0,0.0,0,1,0
Yazeed Abu Laila,Jordan,20,0,0,0.0,0,0,0
Yazeed Abu Laila,Jordan,44,0,0,0.0,0,0,0
Yazeed Abu Laila,Jordan,72,0,0,0.0,0,0,0
Yéremy Pino,Spain,37,0,0,0.0,0,0,0
Yéremy Pino,Spain,64,0,0,0.0,0,0,0
Yoane Wissa,DR Congo,21,1,0,0.42,0,0,0
Yoane Wissa,DR Congo,48,0,0,0.12,0,0,1
Yoane Wissa,DR Congo,70,2,0,1.33,1,0,0
Yoel Bárcenas,Panama,23,0,0,0.08,0,1,0
Yoel Bárcenas,Panama,47,0,0,0.0,0,2,2
Yoel Bárcenas,Panama,68,0,0,0.0,0,0,0
Young-woo Seol,South Korea,2,0,0,0.0,0,0,1
Young-woo Seol,South Korea,28,0,0,0.09,0,0,0
Young-woo Seol,South Korea,54,0,0,0.01,0,0,2
Youri Tielemans,Belgium,14,0,0,0.05,0,1,3
Youri Tielemans,Belgium,38,0,0,0.06,0,0,3
Youri Tielemans,Belgium,66,0,0,0.02,0,0,0
Youssef Amyn,Iraq,42,0,0,0.0,0,0,0
Yuito Suzuki,Japan,36,0,0,0.0,0,0,0
Yukinari Sugawara,Japan,10,0,0,0.16,0,0,1
Yukinari Sugawara,Japan,36,0,0,0.0,0,0,0
Yukinari Sugawara,Japan,57,0,0,0.01,0,0,0
Yunus Akgun,Türkiye,8,0,0,0.0,0,1,2
Yunus Akgun,Türkiye,32,0,0,0.0,0,0,0
Yusuf Abdurisag,Qatar,5,0,0,0.0,0,0,1
Yusuf Abdurisag,Qatar,27,0,0,0.0,0,0,0
Yuto Nagatomo,Japan,57,0,0,0.0,0,0,0
Zaid Ismail,Iraq,18,0,0,0.0,0,0,0
Zaid Ismail,Iraq,42,0,0,0.0,0,0,0
Zaid Tahseen,Iraq,18,0,0,0.12,0,0,0
Zaid Tahseen,Iraq,42,0,0,0.0,0,0,0
Zeki Amdouni,Switzerland,5,0,0,0.02,0,1,1
Zeki Celik,Türkiye,8,0,0,0.1,1,0,0
Zeki Celik,Türkiye,60,0,0,0.0,0,0,0
Zidane Iqbal,Iraq,18,0,0,0.0,0,2,0
Zidane Iqbal,Iraq,42,0,0,0.0,0,1,1
Zidane Iqbal,Iraq,62,0,0,0.0,0,3,0
Zineddine Belaid,Algeria,44,0,0,0.0,0,0,1
Zineddine Belaid,Algeria,71,0,0,0.0,0,0,0
Zion Suzuki,Japan,10,0,0,0.0,0,0,0
Zion Suzuki,Japan,36,0,0,0.0,0,0,0
Zion Suzuki,Japan,57,0,0,0.0,0,0,0
Zizo,Egypt,14,0,0,0.02,0,0,0
Zizo,Egypt,40,0,0,0.12,1,1,0
Zizo,Egypt,65,0,0,0.08,0,0,1
