player_id,player_name,player_age,playing_role,team_name
1,Santiago Gimenez,25,Forward,Mexico
2,Raul Jimenez,35,Forward,Mexico
3,Julian Quinones,29,Forward,Mexico
4,Armando Gonzalez,23,Forward,Mexico
5,Roberto Alvarado,27,Forward,Mexico
6,Guillermo Martinez,31,Forward,Mexico
7,Gilberto Mora,17,Midfielder,Mexico
8,Edson Alvarez,28,Midfielder,Mexico
9,Obed Vargas,20,Midfielder,Mexico
10,Alvaro Fidalgo,29,Midfielder,Mexico
11,Cesar Huerta,25,Forward,Mexico
12,Alexis Vega,28,Forward,Mexico
13,Orbelin Pineda,30,Midfielder,Mexico
14,Brian Gutierrez,22,Forward,Mexico
15,Luis Chavez,30,Midfielder,Mexico
16,Johan Vasquez,27,Defender,Mexico
17,Mateo Chavez,22,Defender,Mexico
18,Cesar Montes,29,Defender,Mexico
19,Jorge Sanchez,28,Defender,Mexico
20,Israel Reyes,26,Defender,Mexico
21,Erik Lira,26,Defender,Mexico
22,Jesus Gallardo,31,Defender,Mexico
23,Luis Romo,30,Defender,Mexico
24,Guillermo Ochoa,40,Goalkeeper,Mexico
25,Raul Rangel,26,Goalkeeper,Mexico
26,Carlos Acevedo,30,Goalkeeper,Mexico
27,Lyle Foster,25,Forward,South Africa
28,Evidence Makgopa,26,Forward,South Africa
29,Iqraam Rayners,30,Forward,South Africa
30,Relebohile Mofokeng,21,Forward,South Africa
31,Oswin Appollis,24,Forward,South Africa
32,Themba Zwane,36,Forward,South Africa
33,Teboho Mokoena,29,Midfielder,South Africa
34,Tshepang Moremi,25,Forward,South Africa
35,Thalente Mbatha,26,Midfielder,South Africa
36,Kamogelo Sebelebele,23,Forward,South Africa
37,Siphephelo Sithole,27,Midfielder,South Africa
38,Jayden Adams,25,Midfielder,South Africa
39,Thapelo Maseko,23,Forward,South Africa
40,Mbekezeli Mbokazi,20,Defender,South Africa
41,Khuliso Mudau,31,Defender,South Africa
42,Nkosinathi Sibisi,30,Defender,South Africa
43,Aubrey Modiba,30,Defender,South Africa
44,Samukelo Kabini,22,Defender,South Africa
45,Khulumani Ndamane,22,Defender,South Africa
46,Ime Okon,22,Defender,South Africa
47,Bradley Cross,25,Defender,South Africa
48,Olwethu Makhanya,22,Defender,South Africa
49,Tholo Thabang Matuludi,27,Defender,South Africa
50,Ronwen Williams,34,Goalkeeper,South Africa
51,Sipho Chaine,29,Goalkeeper,South Africa
52,Ricardo Goss,32,Goalkeeper,South Africa
53,Son Heung-min,33,Forward,South Korea
54,Hyeon-gyu Oh,25,Forward,South Korea
55,Hwang Hee-chan,30,Forward,South Korea
56,Gue-sung Cho,28,Forward,South Korea
57,Yang Hyun-Jun,24,Forward,South Korea
58,Kang-in Lee,25,Forward,South Korea
59,Hwang In-beom,29,Midfielder,South Korea
60,Jae-sung Lee,33,Forward,South Korea
61,Jun-Ho Bae,22,Forward,South Korea
62,Seung Ho Paik,29,Midfielder,South Korea
63,Jens Castrop,22,Midfielder,South Korea
64,Ji-sung Eom,24,Forward,South Korea
65,Dong-gyeong Lee,28,Midfielder,South Korea
66,Lee Tae-seok,23,Midfielder,South Korea
67,Jin-gyu Kim,29,Midfielder,South Korea
68,Jin-seob Park,30,Midfielder,South Korea
69,Kim Min-jae,29,Defender,South Korea
70,Young-woo Seol,27,Defender,South Korea
71,Han-Beom Lee,23,Defender,South Korea
72,Kim Moon-hwan,30,Defender,South Korea
73,Kim Tae-hyeon,25,Defender,South Korea
74,Gi-Hyuk Lee,25,Defender,South Korea
75,Wi-je Cho,24,Defender,South Korea
76,Jo Hyeonwoo,34,Goalkeeper,South Korea
77,Kim Seung-gyu,35,Goalkeeper,South Korea
78,Song Bum-keun,28,Goalkeeper,South Korea
79,Patrik Schick,30,Forward,Czechia
80,Pavel Sulc,25,Forward,Czechia
81,Adam Hlozek,23,Forward,Czechia
82,Tomas Chory,31,Forward,Czechia
83,Jan Kuchta,29,Forward,Czechia
84,Lukas Provod,29,Forward,Czechia
85,Mojmir Chytil,27,Forward,Czechia
86,Tomas Soucek,31,Midfielder,Czechia
87,Michal Sadilek,27,Midfielder,Czechia
88,Vladimir Darida,35,Midfielder,Czechia
89,Lukas Cerv,25,Midfielder,Czechia
90,Denis Visinsky,23,Forward,Czechia
91,David Doudera,28,Forward,Czechia
92,Hugo Sochurek,18,Midfielder,Czechia
93,Alexandr Sojka,23,Midfielder,Czechia
94,Ladislav Krejci,27,Defender,Czechia
95,Vladimir Coufal,33,Defender,Czechia
96,David Jurasek,25,Defender,Czechia
97,Robin Hranac,26,Defender,Czechia
98,David Zima,25,Defender,Czechia
99,Tomas Holes,33,Defender,Czechia
100,Stepan Chaloupek,23,Defender,Czechia
101,Jaroslav Zeleny,33,Defender,Czechia
102,Matej Kovar,26,Goalkeeper,Czechia
103,Lukas Hornicek,23,Goalkeeper,Czechia
104,Jindrich Stanek,30,Goalkeeper,Czechia
105,Jonathan David,26,Forward,Canada
106,Promise David,24,Forward,Canada
107,Tani Oluwaseyi,26,Forward,Canada
108,Cyle Larin,31,Forward,Canada
109,Jayden Nelson,23,Forward,Canada
110,Tajon Buchanan,27,Forward,Canada
111,Ismael Kone,24,Midfielder,Canada
112,Stephen Eustaquio,29,Midfielder,Canada
113,Ali Ahmed,25,Forward,Canada
114,Nathan-Dylan Saliba,22,Midfielder,Canada
115,Liam Millar,26,Forward,Canada
116,Jacob Shaffelburg,26,Forward,Canada
117,Jonathan Osorio,33,Midfielder,Canada
118,Mathieu Choiniere,27,Midfielder,Canada
119,Alphonso Davies,25,Defender,Canada
120,Niko Sigur,22,Defender,Canada
121,Alistair Johnston,27,Defender,Canada
122,Derek Cornelius,28,Defender,Canada
123,Moise Bombito,26,Defender,Canada
124,Richie Laryea,31,Defender,Canada
125,Luc De Fougerolles,20,Defender,Canada
126,Joel Waterman,30,Defender,Canada
127,Alfie Jones,28,Defender,Canada
128,Dayne St. Clair,29,Goalkeeper,Canada
129,Maxime Crepeau,31,Goalkeeper,Canada
130,Owen Goodman,22,Goalkeeper,Canada
131,Edin Dzeko,40,Forward,Bosnia and Herzegovina
132,Esmir Bajraktarevic,21,Forward,Bosnia and Herzegovina
133,Ermedin Demirovic,28,Forward,Bosnia and Herzegovina
134,Haris Tabakovic,31,Forward,Bosnia and Herzegovina
135,Samed Bazdar,22,Forward,Bosnia and Herzegovina
136,Jovo Lukic,27,Forward,Bosnia and Herzegovina
137,Kerim Alajbegovic,18,Midfielder,Bosnia and Herzegovina
138,Benjamin Tahirovic,23,Midfielder,Bosnia and Herzegovina
139,Armin Gigovic,24,Midfielder,Bosnia and Herzegovina
140,Amir Hadziahmetovic,29,Midfielder,Bosnia and Herzegovina
141,Amar Memic,25,Forward,Bosnia and Herzegovina
142,Ivan Sunjic,29,Midfielder,Bosnia and Herzegovina
143,Ivan Basic,24,Midfielder,Bosnia and Herzegovina
144,Dzenis Burnic,28,Midfielder,Bosnia and Herzegovina
145,Ermin Mahmic,21,Midfielder,Bosnia and Herzegovina
146,Amar Dedic,23,Defender,Bosnia and Herzegovina
147,Tarik Muharemovic,23,Defender,Bosnia and Herzegovina
148,Sead Kolasinac,32,Defender,Bosnia and Herzegovina
149,Nikola Katic,29,Defender,Bosnia and Herzegovina
150,Nidal Celik,19,Defender,Bosnia and Herzegovina
151,Dennis Hadzikadunic,27,Defender,Bosnia and Herzegovina
152,Stjepan Radeljic,28,Defender,Bosnia and Herzegovina
153,Nihad Mujakic,28,Defender,Bosnia and Herzegovina
154,Nikola Vasilj,30,Goalkeeper,Bosnia and Herzegovina
155,Martin Zlomislic,27,Goalkeeper,Bosnia and Herzegovina
156,Mladen Jurkas,18,Goalkeeper,Bosnia and Herzegovina
157,Hassan Al Haydos,35,Forward,Qatar
158,Mohammed Muntari,32,Forward,Qatar
159,Tahsin Mohammed Jamshid,19,Forward,Qatar
160,Ahmed Alaaeldin,33,Forward,Qatar
161,Yusuf Abdurisag,26,Forward,Qatar
162,Akram Afif,29,Forward,Qatar
163,Almoez Ali,29,Forward,Qatar
164,Edmilson Junior,31,Forward,Qatar
165,Assim Madibo,29,Midfielder,Qatar
166,Karim Boudiaf,35,Midfielder,Qatar
167,Abdelaziz Hatem,35,Midfielder,Qatar
168,Ahmed Al-Ganehi,25,Forward,Qatar
169,Mohamed Naceur Almanai,22,Midfielder,Qatar
170,Ahmed Fathi,32,Midfielder,Qatar
171,Jassem Gaber Abdulsallam,24,Midfielder,Qatar
172,Pedro Miguel,35,Defender,Qatar
173,Boualem Khoukhi,35,Defender,Qatar
174,Homam Al-Amin,26,Defender,Qatar
175,Lucas Mendes,35,Defender,Qatar
176,Issa Laye,28,Defender,Qatar
177,Ayoub Al Oui,21,Defender,Qatar
178,Sultan Al-Brake,30,Defender,Qatar
179,Alhashmi Mohialdin,22,Defender,Qatar
180,Meshaal Barsham,28,Goalkeeper,Qatar
181,Salah Zakaria,27,Goalkeeper,Qatar
182,Mahmud Abunad,26,Goalkeeper,Qatar
183,Noah Okafor,26,Forward,Switzerland
184,Breel Embolo,29,Forward,Switzerland
185,Zeki Amdouni,25,Forward,Switzerland
186,Cedric Itten,29,Forward,Switzerland
187,Granit Xhaka,33,Midfielder,Switzerland
188,Ardon Jashari,23,Midfielder,Switzerland
189,Dan Ndoye,25,Forward,Switzerland
190,Johan Manzambi,20,Midfielder,Switzerland
191,Denis Zakaria,29,Midfielder,Switzerland
192,Ruben Vargas,27,Forward,Switzerland
193,Djibril Sow,29,Midfielder,Switzerland
194,Remo Freuler,34,Midfielder,Switzerland
195,Fabian Rieder,24,Forward,Switzerland
196,Michel Aebischer,29,Midfielder,Switzerland
197,Miro Muheim,28,Midfielder,Switzerland
198,Silvan Widmer,33,Midfielder,Switzerland
199,Christian Fassnacht,32,Forward,Switzerland
200,Manuel Akanji,30,Defender,Switzerland
201,Ricardo Rodriguez,33,Defender,Switzerland
202,Nico Elvedi,29,Defender,Switzerland
203,Aurele Amenda,22,Defender,Switzerland
204,Eray Comert,28,Defender,Switzerland
205,Luca Jaquez,23,Defender,Switzerland
206,Gregor Kobel,28,Goalkeeper,Switzerland
207,Yvon Mvogo,32,Goalkeeper,Switzerland
208,Marvin Keller,24,Goalkeeper,Switzerland
209,Vinicius Junior,25,Forward,Brazil
210,Neymar,34,Forward,Brazil
211,Endrick,19,Forward,Brazil
212,Matheus Cunha,27,Forward,Brazil
213,Gabriel Martinelli,24,Forward,Brazil
214,Igor Thiago,24,Forward,Brazil
215,Raphinha,29,Forward,Brazil
216,Casemiro,34,Midfielder,Brazil
217,Lucas Paqueta,28,Midfielder,Brazil
218,Rayan,19,Forward,Brazil
219,Bruno Guimaraes,28,Midfielder,Brazil
220,Wesley,22,Forward,Brazil
221,Luiz Henrique,25,Forward,Brazil
222,Danilo Santos,25,Midfielder,Brazil
223,Fabinho,32,Midfielder,Brazil
224,Ederson Moraes,26,Midfielder,Brazil
225,Gabriel Magalhaes,28,Defender,Brazil
226,Marquinhos,32,Defender,Brazil
227,Danilo,34,Defender,Brazil
228,Alex Sandro,35,Defender,Brazil
229,Leo Pereira,30,Defender,Brazil
230,Bremer,29,Defender,Brazil
231,Douglas Santos,32,Defender,Brazil
232,Roger Ibanez,27,Defender,Brazil
233,Alisson,33,Goalkeeper,Brazil
234,Ederson,32,Goalkeeper,Brazil
235,Weverton,38,Goalkeeper,Brazil
236,Ayoub El Kaabi,32,Forward,Morocco
237,Soufiane Rahimi,30,Forward,Morocco
238,Ayoube Amaimouni Echghouyab,21,Forward,Morocco
239,Brahim Diaz,26,Forward,Morocco
240,Abdessamad Ezzalzouli,24,Forward,Morocco
241,Azzedine Ounahi,26,Midfielder,Morocco
242,Bilal El Khannouss,22,Midfielder,Morocco
243,Ismael Saibari,25,Forward,Morocco
244,Sofyan Amrabat,29,Midfielder,Morocco
245,Neil El Aynaoui,24,Midfielder,Morocco
246,Chemsdine Talbi,21,Forward,Morocco
247,Gessime Yassine,20,Midfielder,Morocco
248,Ayyoub Bouaddi,18,Midfielder,Morocco
249,Samir El Mourabet,20,Midfielder,Morocco
250,Achraf Hakimi,27,Defender,Morocco
251,Noussair Mazraoui,28,Defender,Morocco
252,Nayef Aguerd,30,Defender,Morocco
253,Chadi Riad,23,Defender,Morocco
254,Anass Salah-Eddine,24,Defender,Morocco
255,Issa Diop,29,Defender,Morocco
256,Youssef Belammari,27,Defender,Morocco
257,Zakaria El Ouahdi,24,Defender,Morocco
258,Redouane Halhal,23,Defender,Morocco
259,Bono,35,Goalkeeper,Morocco
260,Munir El Kajoui,37,Goalkeeper,Morocco
261,Ahmed Reda Tagnaouti,30,Goalkeeper,Morocco
262,Wilson Isidor,25,Forward,Haiti
263,Duckens Nazon,32,Forward,Haiti
264,Frantzdy Pierrot,31,Forward,Haiti
265,Louicius Don Deedson,25,Forward,Haiti
266,Lenny Joseph,25,Forward,Haiti
267,Yassin Fortune,27,Forward,Haiti
268,Derrick Etienne,29,Forward,Haiti
269,Jean-Ricner Bellegarde,27,Forward,Haiti
270,Josue Casimir,24,Forward,Haiti
271,Ruben Providence,24,Forward,Haiti
272,Danley Jean Jacques,26,Midfielder,Haiti
273,Leverton Pierre,28,Midfielder,Haiti
274,Woodensky Pierre,21,Midfielder,Haiti
275,Dominique Simon,25,Midfielder,Haiti
276,Carlens Arcus,29,Defender,Haiti
277,Ricardo Ade,36,Defender,Haiti
278,Hannes Delcroix,27,Defender,Haiti
279,Duke Lacroix,32,Defender,Haiti
280,Jean-Kevin Duverne,28,Defender,Haiti
281,Martin Experience,27,Defender,Haiti
282,Carl Fred Sainte,23,Defender,Haiti
283,Keeto Thermoncy,20,Defender,Haiti
284,Wilguens Paugain,24,Defender,Haiti
285,Johny Placide,38,Goalkeeper,Haiti
286,Alexandre Pierre,25,Goalkeeper,Haiti
287,Josue Duverger,26,Goalkeeper,Haiti
288,Che Adams,29,Forward,Scotland
289,Lawrence Shankland,30,Forward,Scotland
290,Lyndon Dykes,30,Forward,Scotland
291,George Hirst,27,Forward,Scotland
292,Ross Stewart,29,Forward,Scotland
293,Scott McTominay,29,Midfielder,Scotland
294,Ben Gannon-Doak,20,Forward,Scotland
295,John McGinn,31,Midfielder,Scotland
296,Tyler Fletcher,19,Midfielder,Scotland
297,Lewis Ferguson,26,Midfielder,Scotland
298,Findlay Curtis,19,Midfielder,Scotland
299,Ryan Christie,31,Midfielder,Scotland
300,Kenny McLean,34,Midfielder,Scotland
301,Andy Robertson,32,Defender,Scotland
302,Kieran Tierney,29,Defender,Scotland
303,Scott McKenna,29,Defender,Scotland
304,Aaron Hickey,24,Defender,Scotland
305,Nathan Patterson,24,Defender,Scotland
306,Tony Ralston,27,Defender,Scotland
307,John Souttar,29,Defender,Scotland
308,Jack Hendry,31,Defender,Scotland
309,Grant Hanley,34,Defender,Scotland
310,Dominic Hyam,30,Defender,Scotland
311,Angus Gunn,30,Goalkeeper,Scotland
312,Liam Kelly,30,Goalkeeper,Scotland
313,Craig Gordon,43,Goalkeeper,Scotland
314,Christian Pulisic,27,Forward,USA
315,Folarin Balogun,24,Forward,USA
316,Ricardo Pepi,23,Forward,USA
317,Haji Wright,28,Forward,USA
318,Tim Weah,26,Forward,USA
319,Weston McKennie,27,Midfielder,USA
320,Malik Tillman,24,Midfielder,USA
321,Giovanni Reyna,23,Midfielder,USA
322,Tyler Adams,27,Midfielder,USA
323,Brenden Aaronson,25,Midfielder,USA
324,Alex Zendejas,28,Forward,USA
325,Sebastian Berhalter,25,Midfielder,USA
326,Cristian Roldan,31,Midfielder,USA
327,Maximilian Arfsten,25,Forward,USA
328,Sergino Dest,25,Defender,USA
329,Antonee Robinson,28,Defender,USA
330,Chris Richards,26,Defender,USA
331,Joe Scally,23,Defender,USA
332,Auston Trusty,27,Defender,USA
333,Alexander Freeman,21,Defender,USA
334,Mark McKenzie,27,Defender,USA
335,Tim Ream,38,Defender,USA
336,Miles Robinson,29,Defender,USA
337,Matt Turner,31,Goalkeeper,USA
338,Matthew Freese,27,Goalkeeper,USA
339,Chris Brady,22,Goalkeeper,USA
340,Ramon Sosa,26,Forward,Paraguay
341,Antonio Sanabria,30,Forward,Paraguay
342,Alex Arce,30,Forward,Paraguay
343,Isidro Pitta,26,Forward,Paraguay
344,Gabriel Avalos,35,Forward,Paraguay
345,Julio Enciso,22,Forward,Paraguay
346,Diego Gomez,23,Midfielder,Paraguay
347,Miguel Almiron,32,Forward,Paraguay
348,Mauricio,24,Midfielder,Paraguay
349,Damian Bobadilla,24,Midfielder,Paraguay
350,Matias Galarza,24,Midfielder,Paraguay
351,Gustavo Caballero,24,Forward,Paraguay
352,Alejandro Romero,31,Midfielder,Paraguay
353,Andres Cubas,30,Midfielder,Paraguay
354,Braian Ojeda,25,Midfielder,Paraguay
355,Gustavo Gomez,33,Defender,Paraguay
356,Omar Alderete,29,Defender,Paraguay
357,Junior Alonso,33,Defender,Paraguay
358,Fabian Balbuena,34,Defender,Paraguay
359,Juan Caceres,26,Defender,Paraguay
360,Gustavo Velazquez,35,Defender,Paraguay
361,Alexandro Maidana,20,Defender,Paraguay
362,Jose Canale,29,Defender,Paraguay
363,Roberto Fernandez,38,Goalkeeper,Paraguay
364,Orlando Gill,25,Goalkeeper,Paraguay
365,Gaston Olveira,33,Goalkeeper,Paraguay
366,Nestory Irankunda,20,Forward,Australia
367,Mohamed Toure,22,Forward,Australia
368,Tete Yengi,25,Forward,Australia
369,Cristian Volpato,22,Forward,Australia
370,Jackson Irvine,33,Midfielder,Australia
371,Ajdin Hrustic,29,Midfielder,Australia
372,Awer Mabil,30,Forward,Australia
373,Nishan Velupillay,25,Forward,Australia
374,Cameron Devlin,28,Midfielder,Australia
375,Connor Metcalfe,26,Midfielder,Australia
376,Mathew Leckie,35,Forward,Australia
377,Paul Okon-Engstler,21,Midfielder,Australia
378,Aiden O'Neill,27,Midfielder,Australia
379,Kai Trewin,25,Midfielder,Australia
380,Jacob Italiano,24,Midfielder,Australia
381,Alessandro Circati,22,Defender,Australia
382,Jordan Bos,23,Defender,Australia
383,Harry Souttar,27,Defender,Australia
384,Aziz Behich,35,Defender,Australia
385,Milos Degenek,32,Defender,Australia
386,Lucas Herrington,18,Defender,Australia
387,Cameron Burgess,30,Defender,Australia
388,Jason Geria,33,Defender,Australia
389,Mathew Ryan,34,Goalkeeper,Australia
390,Paul Izzo,31,Goalkeeper,Australia
391,Patrick Beach,22,Goalkeeper,Australia
392,Kenan Yildiz,21,Forward,Türkiye
393,Kerem Akturkoglu,27,Forward,Türkiye
394,Deniz Gul,21,Forward,Türkiye
395,Arda Guler,21,Forward,Türkiye
396,Hakan Calhanoglu,32,Midfielder,Türkiye
397,Orkun Kokcu,25,Midfielder,Türkiye
398,Baris Alper Yilmaz,26,Forward,Türkiye
399,Can Uzun,20,Midfielder,Türkiye
400,Yunus Akgun,25,Forward,Türkiye
401,Irfan Can Kahveci,30,Midfielder,Türkiye
402,Oguz Aydin,25,Forward,Türkiye
403,Ismail Yuksek,27,Midfielder,Türkiye
404,Salih Ozcan,28,Midfielder,Türkiye
405,Ferdi Kadioglu,26,Defender,Türkiye
406,Abdulkerim Bardakci,31,Defender,Türkiye
407,Eren Elmali,25,Defender,Türkiye
408,Merih Demiral,28,Defender,Türkiye
409,Kaan Ayhan,31,Defender,Türkiye
410,Caglar Soyuncu,30,Defender,Türkiye
411,Zeki Celik,29,Defender,Türkiye
412,Mert Muldur,27,Defender,Türkiye
413,Ozan Kabak,26,Defender,Türkiye
414,Samet Akaydin,32,Defender,Türkiye
415,Altay Bayindir,28,Goalkeeper,Türkiye
416,Ugurcan Cakir,30,Goalkeeper,Türkiye
417,Mert Gunok,37,Goalkeeper,Türkiye
418,Kai Havertz,26,Forward,Germany
419,Nick Woltemade,24,Forward,Germany
420,Deniz Undav,29,Forward,Germany
421,Maximilian Beier,23,Forward,Germany
422,Florian Wirtz,23,Midfielder,Germany
423,Jamal Musiala,23,Midfielder,Germany
424,Joshua Kimmich,31,Defender,Germany
425,Leroy Sane,30,Forward,Germany
426,Aleksandar Pavlovic,22,Midfielder,Germany
427,Leon Goretzka,31,Midfielder,Germany
428,Angelo Stiller,25,Midfielder,Germany
429,Assan Ouedraogo,20,Midfielder,Germany
430,Pascal Gross,34,Midfielder,Germany
431,Felix Nmecha,25,Midfielder,Germany
432,Nadiem Amiri,29,Midfielder,Germany
433,Jamie Leweling,25,Forward,Germany
434,Antonio Rudiger,33,Defender,Germany
435,Nico Schlotterbeck,26,Defender,Germany
436,Jonathan Tah,30,Defender,Germany
437,Malick Thiaw,24,Defender,Germany
438,David Raum,28,Defender,Germany
439,Waldemar Anton,29,Defender,Germany
440,Nathaniel Brown,22,Defender,Germany
441,Manuel Neuer,40,Goalkeeper,Germany
442,Alexander Nubel,29,Goalkeeper,Germany
443,Oliver Baumann,36,Goalkeeper,Germany
444,Enner Valencia,36,Forward,Ecuador
445,John Yeboah,25,Forward,Ecuador
446,Kevin Rodriguez,26,Forward,Ecuador
447,Alan Minda,23,Forward,Ecuador
448,Jeremy Arevalo,21,Forward,Ecuador
449,Jordy Caicedo,28,Forward,Ecuador
450,Anthony Valencia,22,Forward,Ecuador
451,Moises Caicedo,24,Midfielder,Ecuador
452,Kendry Paez,19,Midfielder,Ecuador
453,Gonzalo Plata,25,Forward,Ecuador
454,Pervis Estupinan,28,Midfielder,Ecuador
455,Nilson Angulo,22,Forward,Ecuador
456,Alan Franco,27,Midfielder,Ecuador
457,Angelo Preciado,28,Midfielder,Ecuador
458,Pedro Vite,24,Midfielder,Ecuador
459,Denil Castillo,22,Midfielder,Ecuador
460,Jordy Alcivar,26,Midfielder,Ecuador
461,Piero Hincapie,24,Defender,Ecuador
462,Willian Pacho,24,Defender,Ecuador
463,Joel Ordonez,22,Defender,Ecuador
464,Felix Torres,29,Defender,Ecuador
465,Yaimar Medina,21,Defender,Ecuador
466,Jackson Porozo,25,Defender,Ecuador
467,Hernan Galindez,39,Goalkeeper,Ecuador
468,Gonzalo Valle,30,Goalkeeper,Ecuador
469,Moises Ramirez,25,Goalkeeper,Ecuador
470,Yan Diomande,19,Forward,Ivory Coast
471,Nicolas Pepe,31,Forward,Ivory Coast
472,Ange-Yoan Bonny,22,Forward,Ivory Coast
473,Oumar Diakite,22,Forward,Ivory Coast
474,Evann Guessand,24,Forward,Ivory Coast
475,Elye Wahi,23,Forward,Ivory Coast
476,Amad Diallo,23,Forward,Ivory Coast
477,Simon Adingra,24,Forward,Ivory Coast
478,Franck Kessie,29,Midfielder,Ivory Coast
479,Seko Fofana,31,Midfielder,Ivory Coast
480,Christ Inao Oulai,20,Midfielder,Ivory Coast
481,Ibrahim Sangare,28,Midfielder,Ivory Coast
482,Bazoumana Toure,20,Forward,Ivory Coast
483,Jean Michael Seri,34,Midfielder,Ivory Coast
484,Parfait Guiagon,25,Forward,Ivory Coast
485,Guela Doue,23,Defender,Ivory Coast
486,Wilfried Singo,25,Defender,Ivory Coast
487,Odilon Kossounou,25,Defender,Ivory Coast
488,Evan Ndicka,26,Defender,Ivory Coast
489,Ousmane Diomande,22,Defender,Ivory Coast
490,Emmanuel Agbadou,28,Defender,Ivory Coast
491,Ghislain Konan,30,Defender,Ivory Coast
492,Christopher Operi,29,Defender,Ivory Coast
493,Yahia Fofana,25,Goalkeeper,Ivory Coast
494,Alban Lafont,27,Goalkeeper,Ivory Coast
495,Mohamed Kone,24,Goalkeeper,Ivory Coast
496,Sontje Hansen,24,Forward,Curaçao
497,Jurgen Locadia,32,Forward,Curaçao
498,Gervane Kastaneer,30,Forward,Curaçao
499,Brandley Kuwas,33,Forward,Curaçao
500,Tahith Chong,26,Forward,Curaçao
501,Juninho Bacuna,28,Midfielder,Curaçao
502,Leandro Bacuna,34,Midfielder,Curaçao
503,Jearl Margaritha,26,Forward,Curaçao
504,Kenji Gorre,31,Forward,Curaçao
505,Jeremy Antonisse,24,Forward,Curaçao
506,Tyrese Noslin,23,Forward,Curaçao
507,Kevin Felida,26,Midfielder,Curaçao
508,Godfried Roemeratoe,26,Midfielder,Curaçao
509,Armando Obispo,27,Defender,Curaçao
510,Livano Comenencia,22,Defender,Curaçao
511,Riechedly Bazoer,29,Defender,Curaçao
512,Ar'Jany Martha,22,Defender,Curaçao
513,Shurandy Sambo,24,Defender,Curaçao
514,Sherel Constancio Floranus,27,Defender,Curaçao
515,Joshua Brenet,32,Defender,Curaçao
516,Deveron Fonville,23,Defender,Curaçao
517,Roshon van Eijma,28,Defender,Curaçao
518,Jurien Gaari,32,Defender,Curaçao
519,Eloy Room,37,Goalkeeper,Curaçao
520,Tyrick Bodak,24,Goalkeeper,Curaçao
521,Trevor Iriving Doornbusch,26,Goalkeeper,Curaçao
522,Memphis Depay,32,Forward,Netherlands
523,Noa Lang,26,Forward,Netherlands
524,Donyell Malen,27,Forward,Netherlands
525,Brian Brobbey,24,Forward,Netherlands
526,Wout Weghorst,33,Forward,Netherlands
527,Frenkie de Jong,29,Midfielder,Netherlands
528,Cody Gakpo,27,Forward,Netherlands
529,Tijjani Reijnders,27,Midfielder,Netherlands
530,Ryan Gravenberch,24,Midfielder,Netherlands
531,Denzel Dumfries,30,Defender,Netherlands
532,Quinten Timber,24,Midfielder,Netherlands
533,Teun Koopmeiners,28,Midfielder,Netherlands
534,Crysencio Summerville,24,Forward,Netherlands
535,Justin Kluivert,27,Midfielder,Netherlands
536,Guus Til,28,Midfielder,Netherlands
537,Marten de Roon,35,Midfielder,Netherlands
538,Virgil van Dijk,34,Defender,Netherlands
539,Nathan Ake,31,Defender,Netherlands
540,Jorrel Hato,20,Defender,Netherlands
541,Micky van de Ven,25,Defender,Netherlands
542,Jan Paul van Hecke,26,Defender,Netherlands
543,Lutsharel Geertruida,25,Defender,Netherlands
544,Mats Wieffer,26,Defender,Netherlands
545,Bart Verbruggen,23,Goalkeeper,Netherlands
546,Mark Flekken,32,Goalkeeper,Netherlands
547,Robin Roefs,23,Goalkeeper,Netherlands
548,Ayase Ueda,27,Forward,Japan
549,Daizen Maeda,28,Forward,Japan
550,Keisuke Goto,21,Forward,Japan
551,Koki Ogawa,28,Forward,Japan
552,Kento Shiogai,21,Forward,Japan
553,Takefusa Kubo,25,Forward,Japan
554,Wataru Endo,33,Midfielder,Japan
555,Daichi Kamada,29,Midfielder,Japan
556,Ritsu Doan,27,Forward,Japan
557,Ao Tanaka,27,Midfielder,Japan
558,Junya Ito,33,Forward,Japan
559,Keito Nakamura,25,Forward,Japan
560,Kaishu Sano,25,Midfielder,Japan
561,Yuito Suzuki,24,Forward,Japan
562,Takehiro Tomiyasu,27,Defender,Japan
563,Hiroki Ito,27,Defender,Japan
564,Ko Itakura,29,Defender,Japan
565,Yukinari Sugawara,25,Defender,Japan
566,Tsuyoshi Watanabe,29,Defender,Japan
567,Junnosuke Suzuki,22,Defender,Japan
568,Shogo Taniguchi,34,Defender,Japan
569,Ayumu Seko,26,Defender,Japan
570,Yuto Nagatomo,39,Defender,Japan
571,Zion Suzuki,23,Goalkeeper,Japan
572,Osako Keisuke,26,Goalkeeper,Japan
573,Tomoki Hayakawa,27,Goalkeeper,Japan
574,Viktor Gyokeres,28,Forward,Sweden
575,Alexander Isak,26,Forward,Sweden
576,Anthony Elanga,24,Forward,Sweden
577,Benjamin Nygren,24,Forward,Sweden
578,Gustaf Nilsson,29,Forward,Sweden
579,Alexander Bernhardsson,27,Forward,Sweden
580,Lucas Bergvall,20,Midfielder,Sweden
581,Daniel Svensson,24,Midfielder,Sweden
582,Yasin Ayari,22,Midfielder,Sweden
583,Taha Abdi Ali,27,Midfielder,Sweden
584,Jesper Karlstrom,30,Midfielder,Sweden
585,Mattias Svanberg,27,Midfielder,Sweden
586,Ken Sema,32,Midfielder,Sweden
587,Besfort Zeneli,23,Midfielder,Sweden
588,Elliot Stroud,23,Midfielder,Sweden
589,Herman Johansson,28,Midfielder,Sweden
590,Victor Lindelof,31,Defender,Sweden
591,Isak Hien,27,Defender,Sweden
592,Gabriel Gudmundsson,27,Defender,Sweden
593,Carl Starfelt,31,Defender,Sweden
594,Gustaf Lagerbielke,26,Defender,Sweden
595,Hjalmar Ekdal,27,Defender,Sweden
596,Eric Smith,29,Defender,Sweden
597,Viktor Johansson,27,Goalkeeper,Sweden
598,Jacob Widell Zetterstrom,27,Goalkeeper,Sweden
599,Kristoffer Nordfeldt,36,Goalkeeper,Sweden
600,Elias Saad,26,Forward,Tunisia
601,Khalil Ayari,21,Forward,Tunisia
602,Firas Chaouat,30,Forward,Tunisia
603,Hazem Mastouri,28,Forward,Tunisia
604,Rayan Elloumi,18,Forward,Tunisia
605,Hannibal Mejbri,23,Midfielder,Tunisia
606,Ismael Gharbi,22,Midfielder,Tunisia
607,Elias Achouri,27,Forward,Tunisia
608,Sebastian Tounekti,23,Forward,Tunisia
609,Ellyes Skhiri,31,Midfielder,Tunisia
610,Anis Ben Slimane,25,Midfielder,Tunisia
611,Rani Khedira,32,Midfielder,Tunisia
612,Mohamed Belhadj Mahmoud,26,Midfielder,Tunisia
613,Mortadha Ben Ouanes,31,Midfielder,Tunisia
614,Ali Abdi,32,Defender,Tunisia
615,Montassar Talbi,28,Defender,Tunisia
616,Yan Valery,27,Defender,Tunisia
617,Dylan Bronn,30,Defender,Tunisia
618,Omar Rekik,24,Defender,Tunisia
619,Moataz Nefati,21,Defender,Tunisia
620,Amine Ben Hmida,30,Defender,Tunisia
621,Adem Arous,21,Defender,Tunisia
622,Raed Chikhaoui,22,Defender,Tunisia
623,Aymen Dahmen,29,Goalkeeper,Tunisia
624,Abdelmouhib Chamakh,24,Goalkeeper,Tunisia
625,Sabri Ben Hessen,29,Goalkeeper,Tunisia
626,Romelu Lukaku,33,Forward,Belgium
627,Leandro Trossard,31,Forward,Belgium
628,Charles De Ketelaere,25,Forward,Belgium
629,Matias Fernandez-Pardo,21,Forward,Belgium
630,Kevin De Bruyne,34,Midfielder,Belgium
631,Jeremy Doku,24,Forward,Belgium
632,Youri Tielemans,29,Midfielder,Belgium
633,Axel Witsel,37,Midfielder,Belgium
634,Amadou Onana,24,Midfielder,Belgium
635,Alexis Saelemaekers,26,Forward,Belgium
636,Diego Moreira,21,Forward,Belgium
637,Dodi Lukebakio,28,Forward,Belgium
638,Hans Vanaken,33,Midfielder,Belgium
639,Nicolas Raskin,25,Midfielder,Belgium
640,Maxim De Cuyper,25,Defender,Belgium
641,Zeno Debast,22,Defender,Belgium
642,Koni De Winter,23,Defender,Belgium
643,Thomas Meunier,34,Defender,Belgium
644,Nathan Ngoy,23,Defender,Belgium
645,Timothy Castagne,30,Defender,Belgium
646,Arthur Theate,26,Defender,Belgium
647,Joaquin Seys,21,Defender,Belgium
648,Brandon Mechele,33,Defender,Belgium
649,Thibaut Courtois,34,Goalkeeper,Belgium
650,Senne Lammens,23,Goalkeeper,Belgium
651,Mike Penders,20,Goalkeeper,Belgium
652,Omar Marmoush,27,Forward,Egypt
653,Hamza Abdelkarim,18,Forward,Egypt
654,Mohamed Salah,33,Forward,Egypt
655,Emam Ashour,28,Midfielder,Egypt
656,Zizo,30,Forward,Egypt
657,Mahmoud Trezeguet,31,Forward,Egypt
658,Haissem Hassan,24,Forward,Egypt
659,Ibrahim Adel,25,Forward,Egypt
660,Marwan Attia,27,Midfielder,Egypt
661,Hamdy Fathy,31,Midfielder,Egypt
662,Nabil Donga,30,Midfielder,Egypt
663,Mostafa Ziko,29,Midfielder,Egypt
664,Mahmoud Saber,24,Midfielder,Egypt
665,Mohanad Lasheen,30,Midfielder,Egypt
666,Mohamed Abdelmonem,27,Defender,Egypt
667,Mohamed Hany,30,Defender,Egypt
668,Yasser Ibrahim,33,Defender,Egypt
669,Rami Rabia,33,Defender,Egypt
670,Hossam Abdelmaguid,25,Defender,Egypt
671,Ahmed Fatouh,28,Defender,Egypt
672,Karim Hafez,30,Defender,Egypt
673,Tarek Alaa,24,Defender,Egypt
674,Mohamed El-Shenawy,37,Goalkeeper,Egypt
675,Mostafa Shobeir,26,Goalkeeper,Egypt
676,Mahdi Soliman,39,Goalkeeper,Egypt
677,Mohamed Alaa,26,Goalkeeper,Egypt
678,Mehdi Taremi,33,Forward,Iran
679,Alireza Jahanbakhsh,32,Forward,Iran
680,Ali Alipour,30,Forward,Iran
681,Amirhossein Hosseinzadeh,25,Forward,Iran
682,Mohammad Mohebi,27,Forward,Iran
683,Dennis Eckert Ayensa,29,Forward,Iran
684,Mahdi Torabi,31,Forward,Iran
685,Shahriar Moghanlou,31,Forward,Iran
686,Mehdi Ghayedi,27,Forward,Iran
687,Saman Ghoddos,32,Forward,Iran
688,Ramin Rezaeian,36,Midfielder,Iran
689,Saeid Ezatolahi,29,Midfielder,Iran
690,Mohammad Ghorbani,25,Midfielder,Iran
691,Amirmohammad Razzaghinia,20,Midfielder,Iran
692,Aria Yousefi,24,Midfielder,Iran
693,Milad Mohammadi,32,Defender,Iran
694,Hossein Kanaani,32,Defender,Iran
695,Roozbeh Cheshmi,32,Defender,Iran
696,Ehsan Hajsafi,36,Defender,Iran
697,Saleh Hardani,27,Defender,Iran
698,Shoja Khalilzadeh,37,Defender,Iran
699,Ali Nemati,30,Defender,Iran
700,Danial Eiri,22,Defender,Iran
701,Alireza Beiranvand,33,Goalkeeper,Iran
702,Hossein Hosseini,33,Goalkeeper,Iran
703,Payam Niazmand,31,Goalkeeper,Iran
704,Chris Wood,34,Forward,New Zealand
705,Kosta Barbarouses,36,Forward,New Zealand
706,Ben Waine,24,Forward,New Zealand
707,Marko Stamenić,24,Midfielder,New Zealand
708,Liberato Cacace,25,Midfielder,New Zealand
709,Sarpreet Singh,27,Forward,New Zealand
710,Jesse Randall,23,Midfielder,New Zealand
711,Callum McCowatt,27,Forward,New Zealand
712,Elijah Just,26,Forward,New Zealand
713,Joe Bell,27,Midfielder,New Zealand
714,Benjamin Old,23,Forward,New Zealand
715,Matthew Garbett,24,Midfielder,New Zealand
716,Ryan Thomas,31,Midfielder,New Zealand
717,Lachlan Bayliss,23,Midfielder,New Zealand
718,Alex Rufer,29,Midfielder,New Zealand
719,Tim Payne,32,Defender,New Zealand
720,Tyler Bindon,21,Defender,New Zealand
721,Finn Surman,22,Defender,New Zealand
722,Francis De Vries,31,Defender,New Zealand
723,Michael Boxall,37,Defender,New Zealand
724,Nando Pijnaker,27,Defender,New Zealand
725,Tommy Smith,36,Defender,New Zealand
726,Callan Elliot,26,Defender,New Zealand
727,Alex Paulsen,23,Goalkeeper,New Zealand
728,Max Crocombe,32,Goalkeeper,New Zealand
729,Michael Woud,27,Goalkeeper,New Zealand
730,Ferran Torres,26,Forward,Spain
731,Victor Muñoz,22,Forward,Spain
732,Mikel Oyarzabal,29,Forward,Spain
733,Yéremy Pino,23,Forward,Spain
734,Borja Iglesias,33,Forward,Spain
735,Lamine Yamal,18,Forward,Spain
736,Pedri,23,Midfielder,Spain
737,Pablo Gavi,21,Midfielder,Spain
738,Dani Olmo,28,Midfielder,Spain
739,Rodri,29,Midfielder,Spain
740,Nico Williams,23,Forward,Spain
741,Mikel Merino,29,Midfielder,Spain
742,Martín Zubimendi,27,Midfielder,Spain
743,Fabián Ruiz,30,Midfielder,Spain
744,Alejandro Grimaldo,30,Midfielder,Spain
745,Alex Baena,24,Forward,Spain
746,Pau Cubarsí,19,Defender,Spain
747,Eric García,25,Defender,Spain
748,Marc Cucurella,27,Defender,Spain
749,Pedro Porro,26,Defender,Spain
750,Marcos Llorente,31,Defender,Spain
751,Aymeric Laporte,32,Defender,Spain
752,Marc Pubill,22,Defender,Spain
753,Joan García,25,Goalkeeper,Spain
754,David Raya,30,Goalkeeper,Spain
755,Unai Simón,28,Goalkeeper,Spain
756,Dailon Rocha Livramento,25,Forward,Cape Verde
757,Jovane Cabral,27,Forward,Cape Verde
758,Nuno Da Costa,35,Forward,Cape Verde
759,Gilson Tavares,24,Forward,Cape Verde
760,Garry Rodrigues,35,Forward,Cape Verde
761,Willy Semedo,32,Forward,Cape Verde
762,Hélio Varela,24,Forward,Cape Verde
763,Telmo Arcanjo,24,Forward,Cape Verde
764,Ryan Mendes,36,Forward,Cape Verde
765,João Paulo,28,Midfielder,Cape Verde
766,Kevin Lenini,29,Midfielder,Cape Verde
767,Jamiro Monteiro,32,Midfielder,Cape Verde
768,Laros Duarte,29,Midfielder,Cape Verde
769,Deroy Duarte,26,Midfielder,Cape Verde
770,Yannick Semedo,30,Midfielder,Cape Verde
771,Sidny Lopes Cabral,23,Defender,Cape Verde
772,Logan Costa,25,Defender,Cape Verde
773,Wagner Pina,23,Defender,Cape Verde
774,Stopira,38,Defender,Cape Verde
775,Pico,33,Defender,Cape Verde
776,Steven Moreira,31,Defender,Cape Verde
777,Diney Borges,31,Defender,Cape Verde
778,Kelvin Pires,26,Defender,Cape Verde
779,CJ Dos Santos,25,Goalkeeper,Cape Verde
780,Vozinha,40,Goalkeeper,Cape Verde
781,Márcio Rosa,29,Goalkeeper,Cape Verde
782,Abdullah Al-Hamdan,26,Forward,Saudi Arabia
783,Firas Al-Buraikan,26,Forward,Saudi Arabia
784,Saleh Al-Shehri,32,Forward,Saudi Arabia
785,Khalid Al-Ghannam,25,Forward,Saudi Arabia
786,Sultan Mandash,31,Forward,Saudi Arabia
787,Salem Al-Dawsari,34,Forward,Saudi Arabia
788,Saud Abdulhamid,26,Midfielder,Saudi Arabia
789,Mohamed Kanno,31,Midfielder,Saudi Arabia
790,Ayman Yahya,25,Forward,Saudi Arabia
791,Abdullah Al-Khaibari,29,Midfielder,Saudi Arabia
792,Nasser Al-Dawsari,27,Midfielder,Saudi Arabia
793,Musab Al Juwayr,22,Midfielder,Saudi Arabia
794,Ziyad Aljohani,24,Midfielder,Saudi Arabia
795,Mohammed Abu Al-Shamat,23,Midfielder,Saudi Arabia
796,Ala'a Al-Hejji,30,Midfielder,Saudi Arabia
797,Nawaf Boushal,26,Defender,Saudi Arabia
798,Abdulelah Al-Amri,29,Defender,Saudi Arabia
799,Ali Lajami,30,Defender,Saudi Arabia
800,Hassan Altambakti,27,Defender,Saudi Arabia
801,Moteb Al-Harbi,26,Defender,Saudi Arabia
802,Ali Majrashi,26,Defender,Saudi Arabia
803,Hassan Kadesh,33,Defender,Saudi Arabia
804,Jehad Thakri,24,Defender,Saudi Arabia
805,Nawaf Al-Aqidi,26,Goalkeeper,Saudi Arabia
806,Mohammed Al-Owais,34,Goalkeeper,Saudi Arabia
807,Abdulrahman Al Sanbi,25,Goalkeeper,Saudi Arabia
808,Ahmed Al-Kassar,35,Goalkeeper,Saudi Arabia
809,Abdulquddus Atiah,29,Goalkeeper,Saudi Arabia
810,Darwin Núñez,26,Forward,Uruguay
811,Rodrigo Zalazar,26,Forward,Uruguay
812,Federico Viñas,27,Forward,Uruguay
813,Rodrigo Aguirre,31,Forward,Uruguay
814,Federico Valverde,27,Midfielder,Uruguay
815,Giorgian de Arrascaeta,32,Midfielder,Uruguay
816,Manuel Ugarte,25,Midfielder,Uruguay
817,Nicolás de la Cruz,29,Midfielder,Uruguay
818,Rodrigo Bentancur,28,Midfielder,Uruguay
819,Facundo Pellistri,24,Forward,Uruguay
820,Emiliano Martínez Toranza,26,Midfielder,Uruguay
821,Agustín Canobbio,27,Forward,Uruguay
822,Brian Rodríguez,26,Forward,Uruguay
823,Ronald Araújo,27,Defender,Uruguay
824,Guillermo Varela,33,Defender,Uruguay
825,Joaquín Piquerez,27,Defender,Uruguay
826,Matías Viña,28,Defender,Uruguay
827,José María Giménez,31,Defender,Uruguay
828,Maximiliano Araújo,26,Defender,Uruguay
829,Mathías Olivera,28,Defender,Uruguay
830,Santiago Bueno,27,Defender,Uruguay
831,Sebastián Cáceres,26,Defender,Uruguay
832,Juan Sanabria,26,Defender,Uruguay
833,Fernando Muslera,39,Goalkeeper,Uruguay
834,Sergio Rochet,33,Goalkeeper,Uruguay
835,Santiago Mele,28,Goalkeeper,Uruguay
836,Kylian Mbappé,27,Forward,France
837,Ousmane Dembélé,29,Forward,France
838,Désiré Doué,21,Forward,France
839,Bradley Barcola,23,Forward,France
840,Marcus Thuram,28,Forward,France
841,Jean-Philippe Mateta,28,Forward,France
842,Michael Olise,24,Forward,France
843,Aurélien Tchouaméni,26,Midfielder,France
844,Rayan Cherki,22,Midfielder,France
845,N'Golo Kanté,35,Midfielder,France
846,Warren Zaïre-Emery,20,Midfielder,France
847,Adrien Rabiot,31,Midfielder,France
848,Maghnes Akliouche,24,Forward,France
849,Manu Koné,25,Midfielder,France
850,Jules Koundé,27,Defender,France
851,William Saliba,25,Defender,France
852,Ibrahima Konaté,27,Defender,France
853,Theo Hernández,28,Defender,France
854,Malo Gusto,23,Defender,France
855,Dayot Upamecano,27,Defender,France
856,Lucas Hernández,30,Defender,France
857,Maxence Lacroix,26,Defender,France
858,Lucas Digne,32,Defender,France
859,Mike Maignan,30,Goalkeeper,France
860,Brice Samba,32,Goalkeeper,France
861,Robin Risser,21,Goalkeeper,France
862,Nicolas Jackson,24,Forward,Senegal
863,Ibrahim Mbaye,18,Forward,Senegal
864,Ismaïla Sarr,28,Forward,Senegal
865,Assane Diao,20,Forward,Senegal
866,Ahmadou Bamba Dieng,26,Forward,Senegal
867,Cherif Ndiaye,30,Forward,Senegal
868,Sadio Mané,34,Forward,Senegal
869,Iliman Ndiaye,26,Forward,Senegal
870,Pape Gueye,27,Midfielder,Senegal
871,Pape Matar Sarr,23,Midfielder,Senegal
872,Idrissa Gana Gueye,36,Midfielder,Senegal
873,Lamine Camara,22,Midfielder,Senegal
874,Krépin Diatta,27,Forward,Senegal
875,Habib Diarra,22,Midfielder,Senegal
876,Bara Sapoko Ndiaye,18,Midfielder,Senegal
877,Pathé Ismaël Ciss,32,Midfielder,Senegal
878,Mamadou Sarr,20,Defender,Senegal
879,Kalidou Koulibaly,34,Defender,Senegal
880,El Hadji Malick Diouf,21,Defender,Senegal
881,Moussa Niakhaté,30,Defender,Senegal
882,Ismail Jakobs,26,Defender,Senegal
883,Antoine Mendy,22,Defender,Senegal
884,Abdoulaye Seck,34,Defender,Senegal
885,Edouard Mendy,34,Goalkeeper,Senegal
886,Mory Diaw,32,Goalkeeper,Senegal
887,Yehvann Diouf,26,Goalkeeper,Senegal
888,Ali Al-Hamadi,24,Forward,Iraq
889,Aymen Hussein,30,Forward,Iraq
890,Mohanad Ali,25,Forward,Iraq
891,Ali Yousif,30,Forward,Iraq
892,Ali Jasim,22,Forward,Iraq
893,Zidane Iqbal,23,Midfielder,Iraq
894,Youssef Amyn,22,Forward,Iraq
895,Ibrahim Bayesh,26,Midfielder,Iraq
896,Amir Al-Ammari,28,Midfielder,Iraq
897,Marko Farji,22,Midfielder,Iraq
898,Ahmed Qasem,22,Midfielder,Iraq
899,Aimar Sher,23,Midfielder,Iraq
900,Kevin Yakob,25,Midfielder,Iraq
901,Zaid Ismail,24,Midfielder,Iraq
902,Merchas Doski,26,Defender,Iraq
903,Hussein Ali,24,Defender,Iraq
904,Akam Hashem,27,Defender,Iraq
905,Frans Putros,32,Defender,Iraq
906,Rebin Sulaka,34,Defender,Iraq
907,Zaid Tahseen,25,Defender,Iraq
908,Mustafa Saadoon,25,Defender,Iraq
909,Ahmed Hasan Maknazi,24,Defender,Iraq
910,Manaf Younis,29,Defender,Iraq
911,Jalal Hassan,35,Goalkeeper,Iraq
912,Ahmed Basil,29,Goalkeeper,Iraq
913,Fahad Talib,31,Goalkeeper,Iraq
914,Erling Haaland,25,Forward,Norway
915,Alexander Sørloth,30,Forward,Norway
916,Antonio Nusa,21,Forward,Norway
917,Jens Petter Hauge,26,Forward,Norway
918,Jørgen Strand Larsen,26,Forward,Norway
919,Martin Ødegaard,27,Midfielder,Norway
920,Oscar Bobb,22,Forward,Norway
921,Andreas Schjelderup,22,Forward,Norway
922,Fredrik Aursnes,30,Midfielder,Norway
923,Thelo Aasgaard,24,Midfielder,Norway
924,Julian Ryerson,28,Midfielder,Norway
925,Patrick Berg,28,Midfielder,Norway
926,Sander Berge,28,Midfielder,Norway
927,Kristian Thorstvedt,27,Midfielder,Norway
928,Morten Thorsby,30,Midfielder,Norway
929,Marcus Pedersen,25,Midfielder,Norway
930,Leo Østigård,26,Defender,Norway
931,Kristoffer Ajer,28,Defender,Norway
932,David Møller Wolfe,24,Defender,Norway
933,Torbjørn Heggem,27,Defender,Norway
934,Fredrik André Bjørkan,27,Defender,Norway
935,Henrik Sælebakke Falchener,23,Defender,Norway
936,Sondre Langås,25,Defender,Norway
937,Ørjan Nyland,35,Goalkeeper,Norway
938,Sander Tangvik,23,Goalkeeper,Norway
939,Egil Selvik,28,Goalkeeper,Norway
940,Lionel Messi,38,Forward,Argentina
941,Julián Alvarez,26,Forward,Argentina
942,Lautaro Martínez,28,Forward,Argentina
943,José Manuel López,25,Forward,Argentina
944,Enzo Fernández,25,Midfielder,Argentina
945,Nico Paz,21,Midfielder,Argentina
946,Alexis Mac Allister,27,Midfielder,Argentina
947,Rodrigo De Paul,32,Midfielder,Argentina
948,Thiago Almada,25,Midfielder,Argentina
949,Leandro Paredes,31,Midfielder,Argentina
950,Giuliano Simeone,23,Midfielder,Argentina
951,Nicolás González,28,Midfielder,Argentina
952,Giovani Lo Celso,30,Midfielder,Argentina
953,Valentín Barco,21,Midfielder,Argentina
954,Exequiel Palacios,27,Midfielder,Argentina
955,Lisandro Martínez,28,Defender,Argentina
956,Cristian Romero,28,Defender,Argentina
957,Nicolás Otamendi,38,Defender,Argentina
958,Nahuel Molina,28,Defender,Argentina
959,Nicolás Tagliafico,33,Defender,Argentina
960,Gonzalo Montiel,29,Defender,Argentina
961,Facundo Medina,27,Defender,Argentina
962,Emiliano Martínez,33,Goalkeeper,Argentina
963,Juan Musso,32,Goalkeeper,Argentina
964,Gerónimo Rulli,34,Goalkeeper,Argentina
965,Ibrahim Maza,20,Forward,Algeria
966,Mohamed Amoura,26,Forward,Algeria
967,Amine Gouiri,26,Forward,Algeria
968,Farès Ghedjemis,23,Forward,Algeria
969,Ahmed Nadhir Benbouali,26,Forward,Algeria
970,Riyad Mahrez,35,Forward,Algeria
971,Anis Hadj Moussa,24,Forward,Algeria
972,Farès Chaïbi,23,Midfielder,Algeria
973,Houssem Aouar,27,Midfielder,Algeria
974,Hicham Boudaoui,26,Midfielder,Algeria
975,Adil Boulbina,23,Midfielder,Algeria
976,Nabil Bentaleb,31,Midfielder,Algeria
977,Ramiz Zerrouki,28,Midfielder,Algeria
978,Rafik Belghali,24,Midfielder,Algeria
979,Yassine Titraoui,22,Midfielder,Algeria
980,Rayan Aït-Nouri,25,Defender,Algeria
981,Ramy Bensebaini,31,Defender,Algeria
982,Aïssa Mandi,34,Defender,Algeria
983,Jaouen Hadjam,23,Defender,Algeria
984,Samir Sophian Chergui,27,Defender,Algeria
985,Mohamed Tougai,26,Defender,Algeria
986,Zineddine Belaid,27,Defender,Algeria
987,Achref Abada,26,Defender,Algeria
988,Luca Zidane,28,Goalkeeper,Algeria
989,Oussama Benbot,31,Goalkeeper,Algeria
990,Melvin Mastil,26,Goalkeeper,Algeria
991,Marko Arnautović,37,Forward,Austria
992,Michael Gregoritsch,32,Forward,Austria
993,Saša Kalajdžić,28,Forward,Austria
994,Carney Chukwuemeka,22,Midfielder,Austria
995,Marcel Sabitzer,32,Midfielder,Austria
996,Paul Wanner,20,Midfielder,Austria
997,Nicolas Seiwald,25,Midfielder,Austria
998,Xaver Schlager,28,Midfielder,Austria
999,Patrick Wimmer,25,Forward,Austria
1000,Romano Schmid,26,Midfielder,Austria
1001,Florian Grillitsch,30,Midfielder,Austria
1002,Alexander Prass,25,Midfielder,Austria
1003,Phillipp Mwene,32,Midfielder,Austria
1004,Alessandro Schöpf,32,Midfielder,Austria
1005,David Alaba,33,Defender,Austria
1006,Konrad Laimer,29,Defender,Austria
1007,Kevin Danso,27,Defender,Austria
1008,Stefan Posch,29,Defender,Austria
1009,David Affengruber,25,Defender,Austria
1010,Philipp Lienhart,29,Defender,Austria
1011,Marco Friedl,28,Defender,Austria
1012,Michael Svoboda,27,Defender,Austria
1013,Patrick Pentz,29,Goalkeeper,Austria
1014,Alexander Schlager,30,Goalkeeper,Austria
1015,Florian Wiegele,25,Goalkeeper,Austria
1016,Mousa Tamari,29,Forward,Jordan
1017,Odeh Fakhoury,20,Forward,Jordan
1018,Ali Olwan,26,Forward,Jordan
1019,Mohammad Abu Zrayq,28,Forward,Jordan
1020,Ali Al Azaizah,22,Midfielder,Jordan
1021,Mohannad Abu Taha,23,Midfielder,Jordan
1022,Nizar Mahmoud Al-Rashdan,27,Midfielder,Jordan
1023,Mahmoud Al-Mardi,32,Midfielder,Jordan
1024,Noor Al-Deen Al Rawabdeh,29,Midfielder,Jordan
1025,Amer Jamous,23,Midfielder,Jordan
1026,Ehsan Haddad,32,Midfielder,Jordan
1027,Ibrahim Sadeh,26,Midfielder,Jordan
1028,Rajaei Ayed,32,Midfielder,Jordan
1029,Mohammad Al Daoud,34,Midfielder,Jordan
1030,Yazan Al-Arab,30,Defender,Jordan
1031,Abdallah Nasib,32,Defender,Jordan
1032,Mo Abualnadi,25,Defender,Jordan
1033,Mohammad Ali Hasheesh,31,Defender,Jordan
1034,Saad Al Rousan,29,Defender,Jordan
1035,Saleem Obaid,34,Defender,Jordan
1036,Husam Ali Mohammad Abudahab,26,Defender,Jordan
1037,Mohammad Taha,20,Defender,Jordan
1038,Anas Badawi,28,Defender,Jordan
1039,Yazeed Abu Laila,33,Goalkeeper,Jordan
1040,Abdallah Al-Fakhouri,26,Goalkeeper,Jordan
1041,Noureddin Bani Ateyah,33,Goalkeeper,Jordan
1042,Cristiano Ronaldo,41,Forward,Portugal
1043,João Félix,26,Forward,Portugal
1044,Rafael Leão,27,Forward,Portugal
1045,Gonçalo Ramos,24,Forward,Portugal
1046,Francisco Conceição,23,Forward,Portugal
1047,Bruno Fernandes,31,Midfielder,Portugal
1048,Vitinha,26,Midfielder,Portugal
1049,Bernardo Silva,31,Midfielder,Portugal
1050,João Neves,21,Midfielder,Portugal
1051,Pedro Neto,26,Forward,Portugal
1052,Rúben Neves,29,Midfielder,Portugal
1053,Francisco Trincão,26,Forward,Portugal
1054,Gonçalo Guedes,29,Forward,Portugal
1055,Samú Costa,25,Midfielder,Portugal
1056,João Cancelo,32,Defender,Portugal
1057,Nuno Mendes,23,Defender,Portugal
1058,Rúben Dias,29,Defender,Portugal
1059,Diogo Dalot,27,Defender,Portugal
1060,Matheus Nunes,27,Defender,Portugal
1061,Renato Veiga,22,Defender,Portugal
1062,Nélson Semedo,32,Defender,Portugal
1063,Gonçalo Inácio,24,Defender,Portugal
1064,Tomás Araújo,24,Defender,Portugal
1065,Diogo Costa,26,Goalkeeper,Portugal
1066,José Sá,33,Goalkeeper,Portugal
1067,Rui Silva,32,Goalkeeper,Portugal
1068,Yoane Wissa,29,Forward,DR Congo
1069,Cédric Bakambu,35,Forward,DR Congo
1070,Fiston Mayele,31,Forward,DR Congo
1071,Meschak Elia,28,Forward,DR Congo
1072,Simon Banza,29,Forward,DR Congo
1073,Théo Bongonda,30,Forward,DR Congo
1074,Noah Sadiki,21,Midfielder,DR Congo
1075,Charles Pickel,29,Midfielder,DR Congo
1076,Ngal'ayel Mukau,21,Midfielder,DR Congo
1077,Nathanaël Mbuku,24,Forward,DR Congo
1078,Samuel Moutoussamy,29,Midfielder,DR Congo
1079,Brian Cipenga,28,Midfielder,DR Congo
1080,Edo Kayembe,28,Midfielder,DR Congo
1081,Gaël Kakuta,34,Midfielder,DR Congo
1082,Aaron Tshibola,31,Midfielder,DR Congo
1083,Chancel Mbemba,31,Defender,DR Congo
1084,Aaron Wan-Bissaka,28,Defender,DR Congo
1085,Arthur Masuaku,32,Defender,DR Congo
1086,Axel Tuanzebe,28,Defender,DR Congo
1087,Joris Kayembe,31,Defender,DR Congo
1088,Dylan Batubinsika,30,Defender,DR Congo
1089,Gedeon Kalulu,28,Defender,DR Congo
1090,Steve Kapuadi,28,Defender,DR Congo
1091,Lionel Mpasi Nzau,31,Goalkeeper,DR Congo
1092,Matthieu Epolo,21,Goalkeeper,DR Congo
1093,Timothy Fayulu,26,Goalkeeper,DR Congo
1094,Eldor Shomurodov,30,Forward,Uzbekistan
1095,Igor Sergeev,33,Forward,Uzbekistan
1096,Abbosbek Fayzullaev,22,Forward,Uzbekistan
1097,Oston Urunov,25,Forward,Uzbekistan
1098,Jaloliddin Masharipov,32,Forward,Uzbekistan
1099,Otabek Shukurov,29,Midfielder,Uzbekistan
1100,Odiljon Khamrobekov,30,Midfielder,Uzbekistan
1101,Akmal Mozgovoy,26,Midfielder,Uzbekistan
1102,Azizjon Ganiev,28,Midfielder,Uzbekistan
1103,Jamshid Iskandarov,32,Midfielder,Uzbekistan
1104,Abdulla Abdullaev,28,Midfielder,Uzbekistan
1105,Azizbek Amanov,28,Midfielder,Uzbekistan
1106,Sherzod Esanov,23,Midfielder,Uzbekistan
1107,Dostonbek Khamdamov,29,Forward,Uzbekistan
1108,Abdukodir Khusanov,22,Defender,Uzbekistan
1109,Rustam Ashurmatov,29,Defender,Uzbekistan
1110,Khozhiakbar Alizhonov,29,Defender,Uzbekistan
1111,Sherzod Nasrullaev,27,Defender,Uzbekistan
1112,Farrukh Sayfiev,35,Defender,Uzbekistan
1113,Jakhongir Urozov,22,Defender,Uzbekistan
1114,Umarbek Eshmuradov,33,Defender,Uzbekistan
1115,Bekhruz Karimov,18,Defender,Uzbekistan
1116,Avazbek Ulmasaliyev,26,Defender,Uzbekistan
1117,Abduvokhid Nematov,25,Goalkeeper,Uzbekistan
1118,Utkir Yusupov,35,Goalkeeper,Uzbekistan
1119,Botirali Ergashev,30,Goalkeeper,Uzbekistan
1120,Luis Javier Suárez,28,Forward,Colombia
1121,Cucho Hernández,27,Forward,Colombia
1122,Jhon Córdoba,33,Forward,Colombia
1123,Luis Díaz,29,Forward,Colombia
1124,James Rodríguez,34,Midfielder,Colombia
1125,Richard Ríos,26,Midfielder,Colombia
1126,Jhon Arias,28,Forward,Colombia
1127,Jorge Carrascal,28,Midfielder,Colombia
1128,Juan Fernando Quintero,33,Midfielder,Colombia
1129,Daniel Muñoz,30,Midfielder,Colombia
1130,Andrés Gómez,23,Forward,Colombia
1131,Jefferson Lerma,31,Midfielder,Colombia
1132,Kevin Castaño,25,Midfielder,Colombia
1133,Gustavo Puerta,22,Midfielder,Colombia
1134,Jaminton Campaz,26,Forward,Colombia
1135,Juan Portilla,27,Midfielder,Colombia
1136,Davinson Sánchez,29,Defender,Colombia
1137,Yerry Mina,31,Defender,Colombia
1138,Jhon Lucumí,27,Defender,Colombia
1139,Johan Mojica,33,Defender,Colombia
1140,Santiago Arias,34,Defender,Colombia
1141,Deiver Machado,32,Defender,Colombia
1142,Willer Ditta,29,Defender,Colombia
1143,David Ospina,37,Goalkeeper,Colombia
1144,Camilo Vargas,37,Goalkeeper,Colombia
1145,Álvaro Montero,31,Goalkeeper,Colombia
1146,Marcus Rashford,28,Forward,England
1147,Harry Kane,32,Forward,England
1148,Bukayo Saka,24,Forward,England
1149,Anthony Gordon,25,Forward,England
1150,Noni Madueke,24,Forward,England
1151,Ollie Watkins,30,Forward,England
1152,Ivan Toney,30,Forward,England
1153,Jude Bellingham,22,Midfielder,England
1154,Declan Rice,27,Midfielder,England
1155,Eberechi Eze,27,Forward,England
1156,Kobbie Mainoo,21,Midfielder,England
1157,Morgan Rogers,23,Forward,England
1158,Elliot Anderson,23,Midfielder,England
1159,Jordan Henderson,35,Midfielder,England
1160,Reece James,26,Defender,England
1161,Nico O'Reilly,21,Defender,England
1162,Marc Guéhi,25,Defender,England
1163,John Stones,32,Defender,England
1164,Jarell Quansah,23,Defender,England
1165,Tino Livramento,23,Defender,England
1166,Djed Spence,25,Defender,England
1167,Dan Burn,34,Defender,England
1168,Ezri Konsa,28,Defender,England
1169,James Trafford,23,Goalkeeper,England
1170,Jordan Pickford,32,Goalkeeper,England
1171,Dean Henderson,29,Goalkeeper,England
1172,Ante Budimir,34,Forward,Croatia
1173,Andrej Kramarić,34,Forward,Croatia
1174,Igor Matanović,23,Forward,Croatia
1175,Petar Musa,28,Forward,Croatia
1176,Luka Modrić,40,Midfielder,Croatia
1177,Mateo Kovačić,32,Midfielder,Croatia
1178,Ivan Perišić,37,Forward,Croatia
1179,Martin Baturina,23,Midfielder,Croatia
1180,Petar Sučić,22,Midfielder,Croatia
1181,Mario Pašalić,31,Midfielder,Croatia
1182,Luka Sučić,23,Midfielder,Croatia
1183,Nikola Vlašić,28,Midfielder,Croatia
1184,Marco Pašalić,25,Forward,Croatia
1185,Toni Fruk,25,Midfielder,Croatia
1186,Nikola Moro,28,Midfielder,Croatia
1187,Kristijan Jakić,29,Midfielder,Croatia
1188,Joško Gvardiol,24,Defender,Croatia
1189,Luka Vušković,19,Defender,Croatia
1190,Josip Stanišić,26,Defender,Croatia
1191,Josip Šutalo,26,Defender,Croatia
1192,Duje Ćaleta-Car,29,Defender,Croatia
1193,Marin Pongračić,28,Defender,Croatia
1194,Martin Erlić,28,Defender,Croatia
1195,Dominik Livaković,31,Goalkeeper,Croatia
1196,Dominik Kotarski,26,Goalkeeper,Croatia
1197,Ivor Pandur,26,Goalkeeper,Croatia
1198,Jordan Ayew,34,Forward,Ghana
1199,Kamaldeen Sulemana,24,Forward,Ghana
1200,Ernest Nuamah,22,Forward,Ghana
1201,Brandon Thomas-Asante,27,Forward,Ghana
1202,Prince Kwabena Adu,22,Forward,Ghana
1203,Augustine Boakye,25,Forward,Ghana
1204,Antoine Semenyo,26,Forward,Ghana
1205,Thomas Partey,32,Midfielder,Ghana
1206,Iñaki Williams,31,Forward,Ghana
1207,Abdul Fatawu Issahaku,22,Forward,Ghana
1208,Kwasi Sibo,27,Midfielder,Ghana
1209,Caleb Yirenkyi,20,Midfielder,Ghana
1210,Christopher Baah,21,Forward,Ghana
1211,Elisha Owusu,28,Midfielder,Ghana
1212,Jonas Adjei Adjetey,22,Defender,Ghana
1213,Gideon Mensah,27,Defender,Ghana
1214,Alidu Seidu,26,Defender,Ghana
1215,Kojo Peprah Oppong,22,Defender,Ghana
1216,Rahman Baba,31,Defender,Ghana
1217,Jerome Opoku,27,Defender,Ghana
1218,Abdul Mumin,28,Defender,Ghana
1219,Marvin Senaya,25,Defender,Ghana
1220,Derrick Luckassen,30,Defender,Ghana
1221,Benjamin Asare,33,Goalkeeper,Ghana
1222,Lawrence Ati Zigi,29,Goalkeeper,Ghana
1223,Joseph Anang,26,Goalkeeper,Ghana
1224,Kadir Barría,18,Forward,Panama
1225,Cecilio Waterman,35,Forward,Panama
1226,José Fajardo,32,Forward,Panama
1227,Tomás Rodríguez,27,Forward,Panama
1228,Adalberto Carrasquilla,27,Midfielder,Panama
1229,Ismael Díaz,29,Forward,Panama
1230,José Luis Rodríguez,27,Forward,Panama
1231,Yoel Bárcenas,32,Forward,Panama
1232,Azarias Londoño,24,Midfielder,Panama
1233,Carlos Harvey,26,Midfielder,Panama
1234,Cristian Martínez,29,Midfielder,Panama
1235,Aníbal Godoy,36,Midfielder,Panama
1236,César Yanis,30,Forward,Panama
1237,Víctor Griffith,25,Midfielder,Panama
1238,Alberto Quintero,38,Forward,Panama
1239,José Manuel Murillo,31,Midfielder,Panama
1240,Amir Murillo,30,Defender,Panama
1241,José Córdoba,25,Defender,Panama
1242,César Blackman,28,Defender,Panama
1243,Andrés Andrade,27,Defender,Panama
1244,Fidel Escobar,31,Defender,Panama
1245,Edgardo Fariña,24,Defender,Panama
1246,Éric Davis,35,Defender,Panama
1247,Roderick Miller,34,Defender,Panama
1248,Jiovany Ramos,29,Defender,Panama
1249,Jorge Gutiérrez,27,Defender,Panama
1250,Iván Anderson,28,Defender,Panama
1251,Orlando Mosquera,31,Goalkeeper,Panama
1252,Luis Mejía,35,Goalkeeper,Panama
1253,JD Gunn,26,Goalkeeper,Panama
1254,César Samudio,32,Goalkeeper,Panama
1255,Arjan Malic,20,Defender,Bosnia and Herzegovina
1256,Marcos Senesi,29,Defender,Argentina
1257,Shuto Machino,26,Forward,Japan
