PLAYER,POSITION,TEAM,GOALS,ASSISTS,xG,BCM,DRIBBLES,CHANCES_CREATED,TACKLES,RECOVERIES,SAVES
Aaron Hickey,Defender,Scotland,0.0,0.0,0.0,0.0,0.0,2.0,0.0,0.0,0.0
Aaron Wan-Bissaka,Defender,DR Congo,0.0,0.0,0.0,0.0,2.0,3.0,8.0,10.0,0.0
Abbosbek Fayzullaev,Forward,Uzbekistan,1.0,0.0,1.05,0.0,0.0,1.0,6.0,7.0,0.0
Abdallah Nasib,Defender,Jordan,0.0,0.0,0.0,0.0,0.0,0.0,5.0,8.0,0.0
Abdelaziz Hatem,Midfielder,Qatar,0.0,0.0,0.0,0.0,0.0,1.0,1.0,2.0,0.0
Abdelmouhib Chamakh,Goalkeeper,Tunisia,0.0,0.0,0.0,0.0,0.0,0.0,0.0,5.0,1.0
Abdoulaye Seck,Defender,Senegal,0.0,1.0,0.05,0.0,0.0,1.0,0.0,2.0,0.0
Abdukodir Khusanov,Defender,Uzbekistan,0.0,0.0,0.0,0.0,1.0,0.0,5.0,13.0,0.0
Abdul Fatawu Issahaku,Forward,Ghana,0.0,0.0,0.06,0.0,4.0,2.0,1.0,7.0,0.0
Abdulelah Al-Amri,Defender,Saudi Arabia,1.0,0.0,0.58,0.0,0.0,1.0,3.0,10.0,0.0
Abdulkerim Bardakci,Defender,Türkiye,0.0,0.0,0.11,0.0,3.0,2.0,8.0,9.0,0.0
Abdulla Abdullaev,Midfielder,Uzbekistan,0.0,0.0,0.0,0.0,0.0,0.0,4.0,3.0,0.0
Abdullah Al-Hamdan,Forward,Saudi Arabia,0.0,0.0,0.16,0.0,1.0,0.0,0.0,0.0,0.0
Abdullah Al-Khaibari,Midfielder,Saudi Arabia,0.0,0.0,0.03,0.0,2.0,0.0,2.0,10.0,0.0
Abduvokhid Nematov,Goalkeeper,Uzbekistan,0.0,0.0,0.0,0.0,0.0,0.0,0.0,15.0,5.0
Achraf Hakimi,Defender,Morocco,1.0,1.0,1.83,0.0,6.0,11.0,8.0,15.0,0.0
Adam Hlozek,Forward,Czechia,0.0,0.0,0.22,0.0,1.0,2.0,2.0,2.0,0.0
Adil Boulbina,Midfielder,Algeria,0.0,0.0,0.0,0.0,0.0,0.0,0.0,1.0,0.0
Adrien Rabiot,Midfielder,France,0.0,1.0,0.57,1.0,0.0,2.0,1.0,9.0,0.0
Agustín Canobbio,Forward,Uruguay,1.0,0.0,0.71,0.0,1.0,2.0,6.0,11.0,0.0
Ahmadou Bamba Dieng,Forward,Senegal,0.0,0.0,0.0,0.0,0.0,0.0,0.0,1.0,0.0
Ahmed Al-Ganehi,Forward,Qatar,0.0,0.0,0.04,0.0,1.0,1.0,1.0,2.0,0.0
Ahmed Alaaeldin,Forward,Qatar,0.0,0.0,0.11,0.0,0.0,0.0,1.0,2.0,0.0
Ahmed Basil,Goalkeeper,Iraq,0.0,0.0,0.0,0.0,0.0,0.0,0.0,10.0,3.0
Ahmed Fathi,Midfielder,Qatar,0.0,0.0,0.0,0.0,0.0,1.0,5.0,4.0,0.0
Ahmed Fatouh,Defender,Egypt,0.0,0.0,0.06,0.0,3.0,4.0,6.0,6.0,0.0
Ahmed Hasan Maknazi,Defender,Iraq,0.0,0.0,0.0,0.0,2.0,0.0,3.0,2.0,0.0
Ahmed Nadhir Benbouali,Forward,Algeria,1.0,0.0,0.12,0.0,1.0,0.0,1.0,1.0,0.0
Ahmed Qasem,Midfielder,Iraq,0.0,0.0,0.0,0.0,1.0,1.0,1.0,6.0,0.0
Aiden O'Neill,Midfielder,Australia,0.0,0.0,0.02,0.0,3.0,3.0,5.0,15.0,0.0
Aimar Sher,Midfielder,Iraq,0.0,0.0,0.0,0.0,0.0,0.0,0.0,1.0,0.0
Aïssa Mandi,Defender,Algeria,0.0,0.0,0.0,0.0,0.0,2.0,4.0,10.0,0.0
Ajdin Hrustic,Midfielder,Australia,0.0,0.0,0.04,0.0,0.0,2.0,0.0,0.0,0.0
Akam Hashem,Defender,Iraq,0.0,0.0,0.03,0.0,4.0,0.0,2.0,7.0,0.0
Akmal Mozgovoy,Midfielder,Uzbekistan,0.0,1.0,0.07,0.0,1.0,1.0,2.0,4.0,0.0
Akram Afif,Forward,Qatar,0.0,0.0,0.09,0.0,0.0,4.0,1.0,8.0,0.0
Ala'a Al-Hejji,Midfielder,Saudi Arabia,0.0,0.0,0.0,0.0,0.0,0.0,0.0,0.0,0.0
Alan Franco,Midfielder,Ecuador,0.0,0.0,0.0,0.0,0.0,1.0,8.0,10.0,0.0
Alan Minda,Forward,Ecuador,0.0,0.0,0.37,1.0,0.0,0.0,0.0,2.0,0.0
Alberto Quintero,Forward,Panama,0.0,0.0,0.0,0.0,0.0,0.0,0.0,1.0,0.0
Alejandro Romero,Midfielder,Paraguay,0.0,0.0,0.0,0.0,0.0,0.0,0.0,3.0,0.0
Aleksandar Pavlovic,Midfielder,Germany,0.0,0.0,0.4,0.0,2.0,2.0,3.0,10.0,0.0
Alessandro Circati,Defender,Australia,0.0,0.0,0.54,0.0,3.0,0.0,8.0,12.0,0.0
Alex Arce,Forward,Paraguay,0.0,0.0,0.0,0.0,0.0,2.0,1.0,0.0,0.0
Alex Baena,Forward,Spain,1.0,0.0,0.19,0.0,0.0,3.0,2.0,3.0,0.0
Alex Sandro,Defender,Brazil,0.0,0.0,0.0,0.0,0.0,0.0,0.0,0.0,0.0
Alex Zendejas,Forward,USA,0.0,0.0,0.02,0.0,0.0,0.0,1.0,0.0,0.0
Alexander Bernhardsson,Forward,Sweden,0.0,0.0,0.04,0.0,2.0,1.0,5.0,10.0,0.0
Alexander Freeman,Defender,USA,1.0,1.0,0.34,0.0,4.0,3.0,6.0,6.0,0.0
Alexander Isak,Forward,Sweden,1.0,3.0,0.5,1.0,1.0,7.0,1.0,6.0,0.0
Alexander Prass,Midfielder,Austria,0.0,0.0,0.0,0.0,0.0,0.0,0.0,1.0,0.0
Alexander Schlager,Goalkeeper,Austria,0.0,0.0,0.0,0.0,0.0,0.0,0.0,14.0,5.0
Alexander Sørloth,Forward,Norway,0.0,0.0,0.19,0.0,0.0,1.0,0.0,6.0,0.0
Alexandr Sojka,Midfielder,Czechia,0.0,1.0,0.0,0.0,2.0,3.0,1.0,9.0,0.0
Alexandro Maidana,Defender,Paraguay,0.0,0.0,0.0,0.0,0.0,0.0,2.0,2.0,0.0
Alexis Mac Allister,Midfielder,Argentina,0.0,0.0,0.08,0.0,0.0,1.0,8.0,11.0,0.0
Alexis Saelemaekers,Forward,Belgium,1.0,0.0,0.18,0.0,2.0,0.0,2.0,2.0,0.0
Alexis Vega,Forward,Mexico,0.0,0.0,0.0,0.0,0.0,0.0,0.0,0.0,0.0
Alhashmi Mohialdin,Defender,Qatar,0.0,0.0,0.0,0.0,0.0,0.0,3.0,0.0,0.0
Ali Abdi,Defender,Tunisia,0.0,0.0,0.06,0.0,2.0,0.0,9.0,12.0,0.0
Ali Ahmed,Forward,Canada,0.0,0.0,0.23,0.0,1.0,2.0,3.0,6.0,0.0
Ali Al Azaizah,Midfielder,Jordan,0.0,0.0,0.07,0.0,2.0,0.0,3.0,4.0,0.0
Ali Al-Hamadi,Forward,Iraq,0.0,0.0,0.77,1.0,2.0,2.0,3.0,9.0,0.0
Ali Alipour,Forward,Iran,0.0,0.0,0.06,0.0,0.0,0.0,1.0,1.0,0.0
Ali Jasim,Forward,Iraq,0.0,0.0,0.1,0.0,2.0,1.0,1.0,3.0,0.0
Ali Lajami,Defender,Saudi Arabia,0.0,0.0,0.0,0.0,0.0,0.0,2.0,3.0,0.0
Ali Nemati,Defender,Iran,0.0,0.0,0.08,0.0,0.0,2.0,3.0,5.0,0.0
Ali Olwan,Forward,Jordan,1.0,0.0,0.28,0.0,6.0,4.0,2.0,10.0,0.0
Ali Yousif,Forward,Iraq,0.0,0.0,0.0,0.0,0.0,0.0,1.0,1.0,0.0
Alireza Beiranvand,Goalkeeper,Iran,0.0,0.0,0.0,0.0,3.0,0.0,0.0,30.0,15.0
Alireza Jahanbakhsh,Forward,Iran,0.0,0.0,0.08,0.0,1.0,1.0,1.0,1.0,0.0
Alisson,Goalkeeper,Brazil,0.0,0.0,0.0,0.0,1.0,0.0,0.0,17.0,10.0
Alistair Johnston,Defender,Canada,0.0,0.0,0.24,1.0,2.0,9.0,1.0,7.0,0.0
Almoez Ali,Forward,Qatar,0.0,0.0,0.07,0.0,0.0,0.0,0.0,0.0,0.0
Alvaro Fidalgo,Midfielder,Mexico,1.0,0.0,0.21,0.0,0.0,1.0,0.0,1.0,0.0
Amad Diallo,Forward,Ivory Coast,1.0,0.0,0.86,1.0,7.0,3.0,5.0,11.0,0.0
Amadou Onana,Midfielder,Belgium,0.0,0.0,0.05,0.0,0.0,0.0,1.0,6.0,0.0
Amar Dedic,Defender,Bosnia and Herzegovina,0.0,0.0,0.03,0.0,3.0,0.0,4.0,11.0,0.0
Amar Memic,Forward,Bosnia and Herzegovina,0.0,0.0,0.07,0.0,1.0,0.0,3.0,11.0,0.0
Amer Jamous,Midfielder,Jordan,0.0,0.0,0.0,0.0,0.0,0.0,0.0,0.0,0.0
Amine Ben Hmida,Defender,Tunisia,0.0,0.0,0.0,0.0,0.0,0.0,12.0,17.0,0.0
Amine Gouiri,Forward,Algeria,1.0,0.0,0.49,0.0,1.0,1.0,1.0,5.0,0.0
Amir Al-Ammari,Midfielder,Iraq,0.0,1.0,0.0,0.0,1.0,4.0,2.0,8.0,0.0
Amir Hadziahmetovic,Midfielder,Bosnia and Herzegovina,0.0,0.0,0.0,0.0,0.0,0.0,0.0,0.0,0.0
Amir Murillo,Defender,Panama,0.0,0.0,0.29,0.0,5.0,6.0,7.0,15.0,0.0
Amirhossein Hosseinzadeh,Forward,Iran,0.0,0.0,0.05,0.0,0.0,1.0,2.0,1.0,0.0
Anass Salah-Eddine,Defender,Morocco,0.0,0.0,0.0,0.0,0.0,1.0,2.0,1.0,0.0
Andreas Schjelderup,Forward,Norway,0.0,1.0,0.0,0.0,2.0,3.0,1.0,7.0,0.0
Andrej Kramarić,Forward,Croatia,0.0,0.0,0.01,0.0,0.0,0.0,1.0,3.0,0.0
Andrés Andrade,Defender,Panama,0.0,0.0,0.0,0.0,1.0,0.0,6.0,11.0,0.0
Andres Cubas,Midfielder,Paraguay,0.0,0.0,0.02,0.0,1.0,1.0,9.0,16.0,0.0
Andrés Gómez,Forward,Colombia,0.0,0.0,0.0,0.0,0.0,0.0,1.0,0.0,0.0
Andy Robertson,Defender,Scotland,0.0,0.0,0.0,0.0,1.0,3.0,2.0,12.0,0.0
Ange-Yoan Bonny,Forward,Ivory Coast,0.0,0.0,0.05,0.0,1.0,0.0,2.0,3.0,0.0
Angelo Preciado,Midfielder,Ecuador,0.0,0.0,0.0,0.0,1.0,0.0,0.0,3.0,0.0
Angelo Stiller,Midfielder,Germany,0.0,0.0,0.0,0.0,0.0,0.0,1.0,3.0,0.0
Angus Gunn,Goalkeeper,Scotland,0.0,0.0,0.0,0.0,0.0,0.0,1.0,26.0,8.0
Aníbal Godoy,Midfielder,Panama,0.0,0.0,0.0,0.0,0.0,0.0,0.0,1.0,0.0
Anis Ben Slimane,Midfielder,Tunisia,0.0,0.0,0.13,1.0,0.0,2.0,2.0,4.0,0.0
Anis Hadj Moussa,Forward,Algeria,0.0,0.0,0.15,0.0,2.0,3.0,1.0,4.0,0.0
Ante Budimir,Forward,Croatia,1.0,0.0,0.8,0.0,1.0,0.0,1.0,4.0,0.0
Anthony Elanga,Forward,Sweden,2.0,0.0,0.38,0.0,2.0,0.0,0.0,4.0,0.0
Anthony Gordon,Forward,England,0.0,0.0,0.3,1.0,2.0,2.0,1.0,2.0,0.0
Antoine Semenyo,Forward,Ghana,0.0,0.0,0.13,1.0,2.0,1.0,1.0,5.0,0.0
Antonee Robinson,Defender,USA,0.0,0.0,0.0,0.0,5.0,2.0,3.0,11.0,0.0
Antonio Nusa,Forward,Norway,0.0,0.0,0.09,0.0,3.0,1.0,1.0,3.0,0.0
Antonio Rudiger,Defender,Germany,0.0,0.0,0.02,0.0,0.0,0.0,2.0,4.0,0.0
Antonio Sanabria,Forward,Paraguay,0.0,0.0,0.0,0.0,0.0,1.0,0.0,0.0,0.0
Ao Tanaka,Midfielder,Japan,0.0,0.0,0.08,0.0,3.0,1.0,7.0,11.0,0.0
Arda Guler,Forward,Türkiye,1.0,0.0,1.04,0.0,4.0,5.0,4.0,8.0,0.0
Ardon Jashari,Midfielder,Switzerland,0.0,0.0,0.01,0.0,0.0,0.0,0.0,0.0,0.0
Aria Yousefi,Midfielder,Iran,0.0,0.0,0.05,0.0,0.0,1.0,0.0,3.0,0.0
Arjan Malic,Defender,Bosnia and Herzegovina,0.0,0.0,0.0,0.0,0.0,0.0,1.0,1.0,0.0
Armando Gonzalez,Forward,Mexico,0.0,0.0,0.0,0.0,0.0,0.0,0.0,0.0,0.0
Armando Obispo,Defender,Curaçao,0.0,0.0,0.0,0.0,1.0,0.0,3.0,14.0,0.0
Armin Gigovic,Midfielder,Bosnia and Herzegovina,0.0,0.0,0.0,0.0,1.0,0.0,2.0,3.0,0.0
Arthur Masuaku,Defender,DR Congo,0.0,1.0,0.0,0.0,1.0,5.0,4.0,20.0,0.0
Arthur Theate,Defender,Belgium,0.0,0.0,0.19,0.0,0.0,1.0,1.0,1.0,0.0
Assane Diao,Forward,Senegal,0.0,0.0,0.0,0.0,1.0,0.0,1.0,1.0,0.0
Assim Madibo,Midfielder,Qatar,0.0,0.0,0.0,0.0,0.0,0.0,1.0,3.0,0.0
Aubrey Modiba,Defender,South Africa,0.0,0.0,0.16,0.0,0.0,3.0,10.0,8.0,0.0
Aurélien Tchouaméni,Midfielder,France,0.0,1.0,0.04,0.0,1.0,2.0,10.0,12.0,0.0
Auston Trusty,Defender,USA,1.0,0.0,0.3,1.0,0.0,0.0,1.0,3.0,0.0
Axel Tuanzebe,Defender,DR Congo,0.0,0.0,0.0,0.0,0.0,0.0,3.0,10.0,0.0
Ayase Ueda,Forward,Japan,2.0,1.0,0.72,1.0,2.0,3.0,1.0,4.0,0.0
Aymen Dahmen,Goalkeeper,Tunisia,0.0,0.0,0.0,0.0,0.0,0.0,0.0,11.0,5.0
Aymen Hussein,Forward,Iraq,1.0,0.0,0.2,0.0,0.0,1.0,0.0,1.0,0.0
Aymeric Laporte,Defender,Spain,0.0,1.0,0.07,0.0,0.0,3.0,1.0,9.0,0.0
Ayoub Al Oui,Defender,Qatar,0.0,0.0,0.0,0.0,0.0,0.0,1.0,4.0,0.0
Ayoub El Kaabi,Forward,Morocco,0.0,0.0,0.17,0.0,1.0,0.0,3.0,1.0,0.0
Ayoube Amaimouni Echghouyab,Forward,Morocco,0.0,0.0,0.23,1.0,1.0,0.0,1.0,3.0,0.0
Ayumu Seko,Defender,Japan,0.0,0.0,0.0,0.0,0.0,1.0,1.0,2.0,0.0
Ayyoub Bouaddi,Midfielder,Morocco,0.0,0.0,0.01,0.0,3.0,0.0,5.0,10.0,0.0
Azarias Londoño,Midfielder,Panama,0.0,0.0,0.02,0.0,2.0,2.0,0.0,4.0,0.0
Aziz Behich,Defender,Australia,0.0,0.0,0.0,0.0,1.0,0.0,3.0,6.0,0.0
Azizbek Amanov,Midfielder,Uzbekistan,0.0,0.0,0.02,0.0,0.0,1.0,0.0,0.0,0.0
Azizjon Ganiev,Midfielder,Uzbekistan,0.0,0.0,0.01,0.0,1.0,0.0,8.0,8.0,0.0
Azzedine Ounahi,Midfielder,Morocco,0.0,0.0,0.01,0.0,4.0,4.0,1.0,10.0,0.0
Baris Alper Yilmaz,Forward,Türkiye,1.0,1.0,0.9,1.0,3.0,3.0,2.0,3.0,0.0
Bart Verbruggen,Goalkeeper,Netherlands,0.0,0.0,0.0,0.0,0.0,0.0,0.0,18.0,11.0
Bazoumana Toure,Forward,Ivory Coast,0.0,0.0,0.0,0.0,1.0,0.0,0.0,3.0,0.0
Bekhruz Karimov,Defender,Uzbekistan,0.0,0.0,0.03,0.0,6.0,2.0,6.0,15.0,0.0
Ben Gannon-Doak,Forward,Scotland,0.0,0.0,0.17,0.0,4.0,2.0,2.0,2.0,0.0
Benjamin Asare,Goalkeeper,Ghana,0.0,0.0,0.0,0.0,0.0,0.0,0.0,18.0,8.0
Benjamin Nygren,Forward,Sweden,0.0,0.0,0.05,0.0,2.0,2.0,0.0,6.0,0.0
Benjamin Old,Forward,New Zealand,0.0,0.0,0.0,0.0,1.0,0.0,0.0,4.0,0.0
Benjamin Tahirovic,Midfielder,Bosnia and Herzegovina,0.0,0.0,0.02,0.0,0.0,0.0,5.0,9.0,0.0
Bernardo Silva,Midfielder,Portugal,0.0,0.0,0.0,0.0,0.0,0.0,1.0,4.0,0.0
Besfort Zeneli,Midfielder,Sweden,0.0,0.0,0.01,0.0,0.0,0.0,1.0,4.0,0.0
Bilal El Khannouss,Midfielder,Morocco,0.0,0.0,0.29,1.0,7.0,6.0,8.0,18.0,0.0
Bono,Goalkeeper,Morocco,0.0,0.0,0.0,0.0,0.0,0.0,0.0,21.0,5.0
Boualem Khoukhi,Defender,Qatar,0.0,0.0,0.06,0.0,0.0,0.0,5.0,8.0,0.0
Bradley Barcola,Forward,France,1.0,1.0,0.45,0.0,3.0,2.0,2.0,6.0,0.0
Brahim Diaz,Forward,Morocco,0.0,2.0,0.37,1.0,5.0,6.0,0.0,13.0,0.0
Brandley Kuwas,Forward,Curaçao,0.0,0.0,0.0,0.0,0.0,0.0,0.0,1.0,0.0
Brandon Mechele,Defender,Belgium,0.0,0.0,0.47,1.0,1.0,0.0,3.0,12.0,0.0
Brandon Thomas-Asante,Forward,Ghana,0.0,0.0,0.06,0.0,1.0,0.0,0.0,2.0,0.0
Breel Embolo,Forward,Switzerland,1.0,2.0,1.96,2.0,3.0,8.0,1.0,3.0,0.0
Brenden Aaronson,Midfielder,USA,0.0,0.0,0.54,1.0,0.0,2.0,4.0,3.0,0.0
Brian Brobbey,Forward,Netherlands,3.0,0.0,1.83,0.0,0.0,5.0,1.0,2.0,0.0
Brian Cipenga,Midfielder,DR Congo,0.0,0.0,0.08,0.0,6.0,0.0,2.0,8.0,0.0
Brian Gutierrez,Forward,Mexico,0.0,0.0,0.2,0.0,0.0,4.0,1.0,2.0,0.0
Brian Rodríguez,Forward,Uruguay,0.0,0.0,0.11,0.0,2.0,2.0,0.0,2.0,0.0
Bruno Fernandes,Midfielder,Portugal,0.0,1.0,0.49,1.0,1.0,4.0,7.0,5.0,0.0
Bruno Guimaraes,Midfielder,Brazil,0.0,3.0,0.04,0.0,2.0,5.0,7.0,14.0,0.0
Bukayo Saka,Forward,England,0.0,2.0,0.27,0.0,3.0,2.0,2.0,2.0,0.0
Caglar Soyuncu,Defender,Türkiye,0.0,0.0,0.0,0.0,0.0,0.0,0.0,0.0,0.0
Caleb Yirenkyi,Midfielder,Ghana,1.0,0.0,1.0,0.0,3.0,0.0,2.0,14.0,0.0
Callan Elliot,Defender,New Zealand,0.0,0.0,0.0,0.0,0.0,0.0,1.0,1.0,0.0
Callum McCowatt,Forward,New Zealand,0.0,0.0,0.34,1.0,2.0,0.0,1.0,11.0,0.0
Cameron Burgess,Defender,Australia,0.0,0.0,0.0,0.0,0.0,0.0,2.0,2.0,0.0
Camilo Vargas,Goalkeeper,Colombia,0.0,0.0,0.0,0.0,0.0,1.0,0.0,19.0,4.0
Can Uzun,Midfielder,Türkiye,0.0,0.0,0.5,1.0,2.0,4.0,0.0,6.0,0.0
Carl Starfelt,Defender,Sweden,0.0,0.0,0.0,0.0,0.0,0.0,0.0,1.0,0.0
Carlens Arcus,Defender,Haiti,0.0,0.0,0.0,0.0,0.0,1.0,3.0,1.0,0.0
Carlos Harvey,Midfielder,Panama,0.0,0.0,0.31,0.0,3.0,3.0,7.0,12.0,0.0
Carney Chukwuemeka,Midfielder,Austria,0.0,0.0,0.2,1.0,0.0,0.0,0.0,1.0,0.0
Casemiro,Midfielder,Brazil,0.0,0.0,0.02,0.0,0.0,1.0,11.0,10.0,0.0
Cecilio Waterman,Forward,Panama,0.0,0.0,0.08,0.0,0.0,1.0,0.0,0.0,0.0
Cédric Bakambu,Forward,DR Congo,0.0,0.0,0.24,0.0,2.0,1.0,0.0,4.0,0.0
Cedric Itten,Forward,Switzerland,0.0,0.0,0.0,0.0,0.0,0.0,1.0,0.0,0.0
César Blackman,Defender,Panama,0.0,0.0,0.04,0.0,2.0,0.0,3.0,8.0,0.0
Cesar Huerta,Forward,Mexico,0.0,0.0,0.0,0.0,1.0,0.0,0.0,1.0,0.0
Cesar Montes,Defender,Mexico,0.0,0.0,0.0,0.0,0.0,0.0,1.0,4.0,0.0
Chadi Riad,Defender,Morocco,0.0,1.0,0.03,0.0,2.0,1.0,2.0,5.0,0.0
Chancel Mbemba,Defender,DR Congo,0.0,0.0,0.05,0.0,0.0,1.0,3.0,10.0,0.0
Charles De Ketelaere,Forward,Belgium,0.0,0.0,0.2,0.0,3.0,3.0,4.0,6.0,0.0
Charles Pickel,Midfielder,DR Congo,0.0,0.0,0.06,0.0,0.0,0.0,0.0,0.0,0.0
Che Adams,Forward,Scotland,0.0,0.0,0.58,1.0,0.0,1.0,1.0,0.0,0.0
Chemsdine Talbi,Forward,Morocco,0.0,0.0,0.05,0.0,0.0,1.0,0.0,2.0,0.0
Chris Richards,Defender,USA,0.0,0.0,0.03,0.0,0.0,0.0,4.0,6.0,0.0
Chris Wood,Forward,New Zealand,0.0,2.0,0.28,0.0,0.0,7.0,1.0,1.0,0.0
Christ Inao Oulai,Midfielder,Ivory Coast,0.0,0.0,0.23,0.0,5.0,1.0,5.0,9.0,0.0
Christian Fassnacht,Forward,Switzerland,0.0,0.0,0.0,0.0,0.0,0.0,1.0,0.0,0.0
Christian Pulisic,Forward,USA,0.0,1.0,0.58,1.0,4.0,3.0,1.0,0.0,0.0
Christopher Operi,Defender,Ivory Coast,0.0,0.0,0.0,0.0,1.0,0.0,2.0,6.0,0.0
Cody Gakpo,Forward,Netherlands,2.0,1.0,1.48,0.0,3.0,3.0,2.0,4.0,0.0
Connor Metcalfe,Midfielder,Australia,1.0,0.0,0.09,0.0,1.0,2.0,5.0,7.0,0.0
Cristian Martínez,Midfielder,Panama,0.0,0.0,0.09,1.0,1.0,3.0,7.0,9.0,0.0
Cristian Romero,Defender,Argentina,0.0,0.0,0.0,0.0,0.0,0.0,3.0,4.0,0.0
Cristian Volpato,Forward,Australia,0.0,0.0,0.17,0.0,8.0,4.0,0.0,4.0,0.0
Cristiano Ronaldo,Forward,Portugal,2.0,0.0,2.19,3.0,0.0,0.0,1.0,5.0,0.0
Crysencio Summerville,Forward,Netherlands,2.0,1.0,0.11,0.0,3.0,1.0,1.0,5.0,0.0
Cyle Larin,Forward,Canada,2.0,0.0,1.92,2.0,1.0,2.0,0.0,5.0,0.0
Daichi Kamada,Midfielder,Japan,2.0,0.0,0.87,0.0,2.0,4.0,4.0,17.0,0.0
Dailon Rocha Livramento,Forward,Cape Verde,0.0,0.0,0.02,0.0,0.0,0.0,0.0,1.0,0.0
Daizen Maeda,Forward,Japan,1.0,0.0,0.68,0.0,0.0,1.0,4.0,3.0,0.0
Damian Bobadilla,Midfielder,Paraguay,0.0,0.0,0.0,0.0,0.0,0.0,2.0,3.0,0.0
Dan Ndoye,Forward,Switzerland,0.0,0.0,0.5,2.0,5.0,1.0,1.0,6.0,0.0
Dani Olmo,Midfielder,Spain,0.0,1.0,0.22,0.0,2.0,2.0,1.0,5.0,0.0
Daniel Muñoz,Midfielder,Colombia,2.0,0.0,0.75,1.0,0.0,1.0,5.0,7.0,0.0
Daniel Svensson,Midfielder,Sweden,0.0,0.0,0.01,0.0,0.0,0.0,0.0,0.0,0.0
Danilo,Defender,Brazil,0.0,0.0,0.0,0.0,1.0,1.0,2.0,11.0,0.0
Danilo Santos,Midfielder,Brazil,0.0,0.0,0.09,0.0,0.0,0.0,1.0,1.0,0.0
Danley Jean Jacques,Midfielder,Haiti,0.0,0.0,0.0,0.0,0.0,1.0,13.0,9.0,0.0
Darwin Núñez,Forward,Uruguay,0.0,0.0,0.22,1.0,1.0,2.0,2.0,4.0,0.0
David Alaba,Defender,Austria,0.0,1.0,0.02,0.0,1.0,1.0,2.0,3.0,0.0
David Doudera,Forward,Czechia,0.0,0.0,0.06,0.0,1.0,1.0,0.0,6.0,0.0
David Møller Wolfe,Defender,Norway,0.0,1.0,0.0,0.0,1.0,1.0,2.0,6.0,0.0
David Raum,Defender,Germany,0.0,0.0,0.03,0.0,0.0,2.0,1.0,7.0,0.0
David Zima,Defender,Czechia,0.0,0.0,0.0,0.0,0.0,0.0,0.0,0.0,0.0
Davinson Sánchez,Defender,Colombia,0.0,0.0,0.13,0.0,0.0,4.0,4.0,12.0,0.0
Dayot Upamecano,Defender,France,0.0,0.0,0.0,0.0,2.0,2.0,7.0,18.0,0.0
Declan Rice,Midfielder,England,0.0,1.0,0.16,0.0,3.0,10.0,2.0,8.0,0.0
Deiver Machado,Defender,Colombia,0.0,0.0,0.0,0.0,0.0,1.0,2.0,3.0,0.0
Denis Visinsky,Forward,Czechia,0.0,0.0,0.23,0.0,2.0,0.0,0.0,3.0,0.0
Denis Zakaria,Midfielder,Switzerland,0.0,0.0,0.27,0.0,1.0,0.0,3.0,5.0,0.0
Deniz Gul,Forward,Türkiye,0.0,0.0,0.59,2.0,0.0,0.0,0.0,0.0,0.0
Deniz Undav,Forward,Germany,3.0,2.0,1.52,0.0,0.0,7.0,0.0,4.0,0.0
Dennis Hadzikadunic,Defender,Bosnia and Herzegovina,0.0,1.0,0.0,0.0,0.0,1.0,2.0,0.0,0.0
Denzel Dumfries,Defender,Netherlands,0.0,2.0,0.38,0.0,0.0,4.0,5.0,9.0,0.0
Derek Cornelius,Defender,Canada,0.0,0.0,0.43,1.0,0.0,0.0,5.0,10.0,0.0
Deroy Duarte,Midfielder,Cape Verde,0.0,0.0,0.03,0.0,0.0,2.0,7.0,7.0,0.0
Derrick Etienne,Forward,Haiti,0.0,0.0,0.0,0.0,0.0,1.0,0.0,0.0,0.0
Derrick Luckassen,Defender,Ghana,1.0,0.0,0.54,0.0,0.0,1.0,0.0,4.0,0.0
Désiré Doué,Forward,France,1.0,0.0,0.29,1.0,3.0,4.0,3.0,12.0,0.0
Deveron Fonville,Defender,Curaçao,0.0,0.0,0.0,0.0,5.0,1.0,5.0,11.0,0.0
Diego Gomez,Midfielder,Paraguay,0.0,0.0,0.18,0.0,3.0,2.0,7.0,14.0,0.0
Diney Borges,Defender,Cape Verde,0.0,0.0,0.14,1.0,1.0,0.0,8.0,11.0,0.0
Diogo Costa,Goalkeeper,Portugal,0.0,0.0,0.0,0.0,0.0,0.0,0.0,21.0,9.0
Diogo Dalot,Defender,Portugal,0.0,0.0,0.03,0.0,1.0,1.0,1.0,1.0,0.0
Djed Spence,Defender,England,0.0,0.0,0.54,1.0,0.0,0.0,3.0,1.0,0.0
Djibril Sow,Midfielder,Switzerland,0.0,0.0,0.0,0.0,0.0,0.0,1.0,4.0,0.0
Dodi Lukebakio,Forward,Belgium,0.0,0.0,0.04,0.0,0.0,0.0,1.0,0.0,0.0
Dominik Livaković,Goalkeeper,Croatia,0.0,0.0,0.0,0.0,0.0,0.0,1.0,18.0,8.0
Dominique Simon,Midfielder,Haiti,0.0,0.0,0.03,0.0,0.0,1.0,2.0,4.0,0.0
Donyell Malen,Forward,Netherlands,0.0,0.0,0.28,0.0,4.0,4.0,0.0,8.0,0.0
Dostonbek Khamdamov,Forward,Uzbekistan,0.0,0.0,0.06,0.0,0.0,1.0,5.0,2.0,0.0
Douglas Santos,Defender,Brazil,0.0,0.0,0.14,1.0,1.0,1.0,10.0,11.0,0.0
Duckens Nazon,Forward,Haiti,0.0,0.0,0.05,0.0,1.0,0.0,0.0,0.0,0.0
Dylan Bronn,Defender,Tunisia,0.0,0.0,0.0,0.0,0.0,0.0,0.0,1.0,0.0
Dzenis Burnic,Midfielder,Bosnia and Herzegovina,0.0,0.0,0.01,0.0,0.0,0.0,0.0,0.0,0.0
Eberechi Eze,Forward,England,0.0,0.0,0.04,0.0,0.0,1.0,0.0,2.0,0.0
Edin Dzeko,Forward,Bosnia and Herzegovina,0.0,0.0,0.23,1.0,0.0,0.0,0.0,2.0,0.0
Edmilson Junior,Forward,Qatar,0.0,1.0,0.57,1.0,2.0,2.0,2.0,8.0,0.0
Edo Kayembe,Midfielder,DR Congo,0.0,0.0,0.05,0.0,2.0,1.0,2.0,6.0,0.0
Édouard Mendy,Goalkeeper,Senegal,0.0,0.0,0.0,0.0,0.0,0.0,0.0,18.0,8.0
Edson Alvarez,Midfielder,Mexico,0.0,0.0,0.0,0.0,1.0,0.0,6.0,7.0,0.0
Egil Selvik,Goalkeeper,Norway,0.0,0.0,0.0,0.0,0.0,0.0,1.0,6.0,5.0
Ehsan Haddad,Midfielder,Jordan,0.0,1.0,0.02,0.0,0.0,3.0,3.0,6.0,0.0
Ehsan Hajsafi,Defender,Iran,0.0,0.0,0.03,0.0,0.0,0.0,1.0,6.0,0.0
El Hadji Malick Diouf,Defender,Senegal,0.0,0.0,0.0,0.0,1.0,1.0,3.0,8.0,0.0
Eldor Shomurodov,Forward,Uzbekistan,1.0,0.0,0.25,0.0,1.0,4.0,6.0,9.0,0.0
Elias Achouri,Forward,Tunisia,0.0,0.0,0.09,0.0,0.0,0.0,2.0,5.0,0.0
Elias Saad,Forward,Tunisia,0.0,0.0,0.03,0.0,1.0,0.0,1.0,4.0,0.0
Elijah Just,Forward,New Zealand,3.0,0.0,0.51,0.0,4.0,1.0,6.0,16.0,0.0
Elisha Owusu,Midfielder,Ghana,0.0,0.0,0.0,0.0,1.0,0.0,4.0,4.0,0.0
Elliot Anderson,Midfielder,England,0.0,1.0,0.19,0.0,2.0,1.0,7.0,20.0,0.0
Elliot Stroud,Midfielder,Sweden,0.0,0.0,0.0,0.0,0.0,2.0,1.0,3.0,0.0
Ellyes Skhiri,Midfielder,Tunisia,0.0,0.0,0.0,0.0,0.0,0.0,3.0,13.0,0.0
Eloy Room,Goalkeeper,Curaçao,0.0,0.0,0.0,0.0,0.0,0.0,0.0,26.0,20.0
Elye Wahi,Forward,Ivory Coast,0.0,0.0,0.75,3.0,0.0,0.0,1.0,0.0,0.0
Emam Ashour,Midfielder,Egypt,1.0,0.0,0.63,2.0,2.0,3.0,3.0,10.0,0.0
Emiliano Martínez,Goalkeeper,Argentina,0.0,0.0,0.0,0.0,0.0,0.0,0.0,14.0,1.0
Emmanuel Agbadou,Defender,Ivory Coast,0.0,0.0,0.0,0.0,0.0,0.0,5.0,7.0,0.0
Endrick,Forward,Brazil,0.0,0.0,0.0,0.0,0.0,0.0,2.0,2.0,0.0
Enner Valencia,Forward,Ecuador,0.0,0.0,1.6,4.0,0.0,0.0,1.0,3.0,0.0
Enzo Fernández,Midfielder,Argentina,0.0,0.0,0.17,0.0,1.0,2.0,6.0,14.0,0.0
Eren Elmali,Defender,Türkiye,0.0,0.0,0.0,0.0,3.0,2.0,2.0,5.0,0.0
Éric Davis,Defender,Panama,0.0,0.0,0.01,0.0,0.0,0.0,1.0,1.0,0.0
Erik Lira,Defender,Mexico,0.0,1.0,0.0,0.0,1.0,1.0,4.0,7.0,0.0
Erling Haaland,Forward,Norway,4.0,0.0,2.69,3.0,1.0,3.0,0.0,2.0,0.0
Ermedin Demirovic,Forward,Bosnia and Herzegovina,0.0,0.0,0.04,1.0,1.0,0.0,4.0,7.0,0.0
Ermin Mahmic,Midfielder,Bosnia and Herzegovina,2.0,0.0,0.11,0.0,0.0,1.0,1.0,0.0,0.0
Ernest Nuamah,Forward,Ghana,0.0,1.0,0.0,0.0,1.0,2.0,2.0,5.0,0.0
Esmir Bajraktarevic,Forward,Bosnia and Herzegovina,0.0,0.0,0.05,0.0,1.0,2.0,0.0,9.0,0.0
Evann Guessand,Forward,Ivory Coast,0.0,0.0,0.0,0.0,0.0,0.0,0.0,2.0,0.0
Evidence Makgopa,Forward,South Africa,0.0,0.0,0.74,1.0,1.0,0.0,4.0,4.0,0.0
Exequiel Palacios,Midfielder,Argentina,0.0,0.0,0.0,0.0,0.0,0.0,4.0,3.0,0.0
Ezri Konsa,Defender,England,0.0,0.0,0.63,1.0,0.0,0.0,2.0,5.0,0.0
Fabian Rieder,Forward,Switzerland,0.0,0.0,0.05,0.0,0.0,2.0,3.0,1.0,0.0
Fabián Ruiz,Midfielder,Spain,0.0,0.0,0.31,1.0,0.0,2.0,1.0,7.0,0.0
Fabinho,Midfielder,Brazil,0.0,0.0,0.0,0.0,0.0,0.0,1.0,3.0,0.0
Facundo Medina,Defender,Argentina,0.0,1.0,0.0,0.0,0.0,1.0,5.0,5.0,0.0
Farès Chaïbi,Midfielder,Algeria,0.0,0.0,0.37,0.0,2.0,1.0,5.0,13.0,0.0
Farès Ghedjemis,Forward,Algeria,0.0,0.0,0.0,0.0,0.0,0.0,0.0,0.0,0.0
Farrukh Sayfiev,Defender,Uzbekistan,0.0,0.0,0.0,0.0,0.0,1.0,0.0,0.0,0.0
Federico Valverde,Midfielder,Uruguay,0.0,0.0,0.6,0.0,4.0,1.0,3.0,10.0,0.0
Federico Viñas,Forward,Uruguay,0.0,0.0,0.58,1.0,1.0,0.0,2.0,6.0,0.0
Felix Nmecha,Midfielder,Germany,1.0,1.0,0.38,0.0,0.0,2.0,12.0,8.0,0.0
Felix Torres,Defender,Ecuador,0.0,0.0,0.0,0.0,0.0,0.0,0.0,0.0,0.0
Ferdi Kadioglu,Defender,Türkiye,0.0,0.0,0.04,0.0,0.0,9.0,2.0,7.0,0.0
Fernando Muslera,Goalkeeper,Uruguay,0.0,0.0,0.0,0.0,0.0,0.0,0.0,19.0,4.0
Ferran Torres,Forward,Spain,0.0,0.0,1.52,3.0,2.0,1.0,0.0,6.0,0.0
Fidel Escobar,Defender,Panama,0.0,0.0,0.0,0.0,0.0,1.0,2.0,1.0,0.0
Findlay Curtis,Midfielder,Scotland,0.0,0.0,0.0,0.0,0.0,0.0,0.0,0.0,0.0
Finn Surman,Defender,New Zealand,1.0,0.0,0.58,0.0,0.0,1.0,3.0,10.0,0.0
Firas Al-Buraikan,Forward,Saudi Arabia,0.0,0.0,0.0,0.0,0.0,2.0,1.0,8.0,0.0
Firas Chaouat,Forward,Tunisia,0.0,0.0,0.0,0.0,0.0,0.0,0.0,2.0,0.0
Fiston Mayele,Forward,DR Congo,1.0,0.0,0.59,0.0,0.0,0.0,0.0,2.0,0.0
Florian Grillitsch,Midfielder,Austria,0.0,0.0,0.0,0.0,0.0,0.0,0.0,1.0,0.0
Florian Wirtz,Midfielder,Germany,0.0,2.0,0.71,2.0,7.0,8.0,5.0,21.0,0.0
Folarin Balogun,Forward,USA,2.0,0.0,0.66,1.0,2.0,0.0,0.0,1.0,0.0
Francis De Vries,Defender,New Zealand,0.0,0.0,0.0,0.0,1.0,0.0,0.0,1.0,0.0
Francisco Conceição,Forward,Portugal,0.0,0.0,0.07,0.0,2.0,3.0,3.0,6.0,0.0
Francisco Trincão,Forward,Portugal,0.0,0.0,0.11,0.0,0.0,0.0,1.0,3.0,0.0
Franck Kessie,Midfielder,Ivory Coast,1.0,0.0,0.58,0.0,1.0,2.0,3.0,14.0,0.0
Frans Putros,Defender,Iraq,0.0,0.0,0.0,0.0,0.0,1.0,3.0,0.0,0.0
Frantzdy Pierrot,Forward,Haiti,0.0,0.0,0.65,1.0,0.0,3.0,0.0,1.0,0.0
Fredrik André Bjørkan,Defender,Norway,0.0,0.0,0.0,0.0,0.0,1.0,1.0,4.0,0.0
Fredrik Aursnes,Midfielder,Norway,0.0,0.0,0.04,0.0,1.0,2.0,8.0,5.0,0.0
Frenkie de Jong,Midfielder,Netherlands,0.0,0.0,0.11,0.0,1.0,2.0,7.0,13.0,0.0
Gabriel Avalos,Forward,Paraguay,0.0,0.0,0.05,0.0,0.0,0.0,2.0,2.0,0.0
Gabriel Gudmundsson,Defender,Sweden,0.0,0.0,0.0,0.0,1.0,1.0,4.0,9.0,0.0
Gabriel Magalhaes,Defender,Brazil,0.0,0.0,0.07,0.0,0.0,0.0,3.0,12.0,0.0
Gabriel Martinelli,Forward,Brazil,0.0,0.0,0.0,0.0,0.0,1.0,0.0,1.0,0.0
Garry Rodrigues,Forward,Cape Verde,0.0,0.0,0.04,0.0,1.0,1.0,2.0,2.0,0.0
Gedeon Kalulu,Defender,DR Congo,0.0,0.0,0.0,0.0,0.0,0.0,1.0,0.0,0.0
Gervane Kastaneer,Forward,Curaçao,0.0,0.0,0.04,0.0,0.0,0.0,1.0,1.0,0.0
Gessime Yassine,Midfielder,Morocco,1.0,0.0,0.9,0.0,0.0,0.0,1.0,2.0,0.0
Ghislain Konan,Defender,Ivory Coast,0.0,0.0,0.08,0.0,3.0,1.0,1.0,7.0,0.0
Gi-Hyuk Lee,Defender,South Korea,0.0,0.0,0.0,0.0,1.0,0.0,4.0,14.0,0.0
Gideon Mensah,Defender,Ghana,0.0,0.0,0.0,0.0,2.0,1.0,6.0,10.0,0.0
Gilberto Mora,Midfielder,Mexico,0.0,0.0,0.03,0.0,1.0,2.0,0.0,1.0,0.0
Gilson Tavares,Forward,Cape Verde,0.0,0.0,0.0,0.0,1.0,0.0,0.0,3.0,0.0
Giovani Lo Celso,Midfielder,Argentina,1.0,0.0,0.1,0.0,0.0,2.0,1.0,4.0,0.0
Giovanni Reyna,Midfielder,USA,1.0,0.0,0.17,0.0,1.0,0.0,0.0,3.0,0.0
Giuliano Simeone,Midfielder,Argentina,0.0,0.0,0.0,0.0,0.0,0.0,2.0,2.0,0.0
Godfried Roemeratoe,Midfielder,Curaçao,0.0,0.0,0.0,0.0,0.0,0.0,0.0,2.0,0.0
Gonçalo Ramos,Forward,Portugal,0.0,0.0,0.0,0.0,0.0,0.0,0.0,0.0,0.0
Gonzalo Montiel,Defender,Argentina,0.0,0.0,0.0,0.0,0.0,0.0,2.0,0.0,0.0
Gonzalo Plata,Forward,Ecuador,1.0,0.0,1.3,2.0,5.0,6.0,8.0,19.0,0.0
Granit Xhaka,Midfielder,Switzerland,1.0,0.0,0.9,0.0,0.0,3.0,3.0,24.0,0.0
Grant Hanley,Defender,Scotland,0.0,0.0,0.0,0.0,0.0,0.0,1.0,4.0,0.0
Gregor Kobel,Goalkeeper,Switzerland,0.0,0.0,0.0,0.0,0.0,0.0,0.0,25.0,11.0
Gue-sung Cho,Forward,South Korea,0.0,0.0,0.5,1.0,0.0,0.0,0.0,1.0,0.0
Guela Doue,Defender,Ivory Coast,0.0,0.0,0.0,0.0,0.0,2.0,2.0,11.0,0.0
Guillermo Martinez,Forward,Mexico,0.0,0.0,0.0,0.0,0.0,0.0,0.0,2.0,0.0
Guillermo Ochoa,Goalkeeper,Mexico,0.0,0.0,0.0,0.0,0.0,0.0,0.0,0.0,0.0
Guillermo Varela,Defender,Uruguay,0.0,0.0,0.04,0.0,0.0,2.0,2.0,3.0,0.0
Gustaf Lagerbielke,Defender,Sweden,0.0,0.0,0.15,0.0,2.0,1.0,11.0,8.0,0.0
Gustavo Gomez,Defender,Paraguay,0.0,0.0,0.05,0.0,0.0,0.0,3.0,2.0,0.0
Gustavo Puerta,Midfielder,Colombia,0.0,1.0,0.34,0.0,2.0,3.0,2.0,10.0,0.0
Gustavo Velazquez,Defender,Paraguay,0.0,0.0,0.0,0.0,0.0,0.0,0.0,4.0,0.0
Guus Til,Midfielder,Netherlands,0.0,0.0,0.0,0.0,0.0,0.0,0.0,0.0,0.0
Habib Diarra,Midfielder,Senegal,1.0,0.0,0.53,0.0,0.0,1.0,2.0,4.0,0.0
Haji Wright,Forward,USA,0.0,0.0,0.0,0.0,0.0,0.0,0.0,0.0,0.0
Hakan Calhanoglu,Midfielder,Türkiye,0.0,0.0,0.42,1.0,0.0,7.0,4.0,13.0,0.0
Hamdy Fathy,Midfielder,Egypt,0.0,0.0,0.0,0.0,0.0,2.0,6.0,3.0,0.0
Hamza Abdelkarim,Forward,Egypt,0.0,0.0,0.0,0.0,0.0,0.0,0.0,3.0,0.0
Han-Beom Lee,Defender,South Korea,0.0,0.0,0.11,1.0,0.0,0.0,4.0,8.0,0.0
Hannes Delcroix,Defender,Haiti,0.0,0.0,0.0,0.0,0.0,0.0,5.0,11.0,0.0
Hannibal Mejbri,Midfielder,Tunisia,0.0,2.0,0.06,0.0,3.0,5.0,7.0,13.0,0.0
Hans Vanaken,Midfielder,Belgium,0.0,1.0,0.3,0.0,1.0,7.0,0.0,6.0,0.0
Harry Kane,Forward,England,3.0,0.0,2.09,2.0,1.0,2.0,1.0,7.0,0.0
Harry Souttar,Defender,Australia,0.0,0.0,0.04,0.0,1.0,1.0,2.0,4.0,0.0
Hassan Al Haydos,Forward,Qatar,1.0,0.0,0.33,1.0,1.0,1.0,0.0,1.0,0.0
Hassan Altambakti,Defender,Saudi Arabia,0.0,0.0,0.0,0.0,0.0,0.0,3.0,4.0,0.0
Hazem Mastouri,Forward,Tunisia,1.0,0.0,0.14,0.0,1.0,2.0,0.0,5.0,0.0
Hélio Varela,Forward,Cape Verde,1.0,0.0,0.4,0.0,2.0,1.0,0.0,2.0,0.0
Henrik Sælebakke Falchener,Defender,Norway,0.0,0.0,0.0,0.0,0.0,0.0,0.0,2.0,0.0
Hernan Galindez,Goalkeeper,Ecuador,0.0,0.0,0.0,0.0,0.0,0.0,0.0,22.0,8.0
Hicham Boudaoui,Midfielder,Algeria,0.0,0.0,0.0,0.0,1.0,1.0,3.0,9.0,0.0
Hiroki Ito,Defender,Japan,0.0,0.0,0.03,0.0,0.0,2.0,4.0,6.0,0.0
Homam Al-Amin,Defender,Qatar,0.0,0.0,0.01,0.0,0.0,1.0,1.0,0.0,0.0
Hossam Abdelmaguid,Defender,Egypt,0.0,0.0,0.0,0.0,0.0,0.0,0.0,0.0,0.0
Hossein Kanaani,Defender,Iran,0.0,0.0,0.15,0.0,0.0,1.0,1.0,1.0,0.0
Houssem Aouar,Midfielder,Algeria,0.0,2.0,0.06,0.0,1.0,3.0,2.0,4.0,0.0
Husam Ali Mohammad Abudahab,Defender,Jordan,0.0,0.0,0.0,0.0,0.0,1.0,7.0,6.0,0.0
Hussein Ali,Defender,Iraq,0.0,0.0,0.03,0.0,0.0,0.0,2.0,0.0,0.0
Hwang Hee-chan,Forward,South Korea,0.0,0.0,0.02,0.0,3.0,1.0,1.0,4.0,0.0
Hwang In-beom,Midfielder,South Korea,1.0,1.0,0.39,0.0,2.0,1.0,3.0,6.0,0.0
Hyeon-gyu Oh,Forward,South Korea,1.0,0.0,0.77,0.0,0.0,1.0,0.0,1.0,0.0
Ibrahim Adel,Forward,Egypt,0.0,0.0,0.0,0.0,0.0,0.0,0.0,1.0,0.0
Ibrahim Bayesh,Midfielder,Iraq,0.0,0.0,0.19,1.0,3.0,1.0,6.0,13.0,0.0
Ibrahim Maza,Forward,Algeria,0.0,0.0,1.13,2.0,13.0,3.0,2.0,4.0,0.0
Ibrahim Mbaye,Forward,Senegal,1.0,0.0,0.14,0.0,2.0,3.0,0.0,5.0,0.0
Ibrahim Sangare,Midfielder,Ivory Coast,0.0,1.0,0.0,0.0,0.0,1.0,10.0,7.0,0.0
Ibrahima Konaté,Defender,France,0.0,0.0,0.0,0.0,0.0,0.0,0.0,0.0,0.0
Idrissa Gana Gueye,Midfielder,Senegal,0.0,0.0,0.08,0.0,0.0,5.0,6.0,10.0,0.0
Igor Matanović,Forward,Croatia,0.0,0.0,0.01,0.0,1.0,0.0,0.0,2.0,0.0
Igor Sergeev,Forward,Uzbekistan,0.0,0.0,0.0,0.0,0.0,0.0,0.0,1.0,0.0
Igor Thiago,Forward,Brazil,0.0,0.0,0.66,1.0,0.0,0.0,2.0,2.0,0.0
Iliman Ndiaye,Forward,Senegal,1.0,2.0,0.12,0.0,3.0,3.0,0.0,3.0,0.0
Ime Okon,Defender,South Africa,0.0,0.0,0.0,0.0,1.0,2.0,3.0,15.0,0.0
Iñaki Williams,Forward,Ghana,0.0,0.0,0.0,0.0,0.0,0.0,0.0,2.0,0.0
Iqraam Rayners,Forward,South Africa,0.0,0.0,0.06,0.0,1.0,0.0,0.0,0.0,0.0
Irfan Can Kahveci,Midfielder,Türkiye,0.0,0.0,0.0,0.0,0.0,0.0,1.0,0.0,0.0
Isak Hien,Defender,Sweden,0.0,0.0,0.0,0.0,0.0,1.0,3.0,8.0,0.0
Isidro Pitta,Forward,Paraguay,0.0,0.0,0.0,0.0,0.0,0.0,0.0,1.0,0.0
Ismael Díaz,Forward,Panama,0.0,0.0,0.56,1.0,1.0,0.0,1.0,2.0,0.0
Ismael Gharbi,Midfielder,Tunisia,0.0,0.0,0.22,0.0,0.0,0.0,4.0,5.0,0.0
Ismael Kone,Midfielder,Canada,0.0,0.0,0.07,0.0,1.0,1.0,2.0,10.0,0.0
Ismael Saibari,Forward,Morocco,3.0,0.0,1.75,3.0,2.0,2.0,3.0,6.0,0.0
Ismail Jakobs,Defender,Senegal,0.0,0.0,0.06,0.0,0.0,2.0,3.0,5.0,0.0
Ismail Yuksek,Midfielder,Türkiye,0.0,0.0,0.23,0.0,3.0,0.0,7.0,5.0,0.0
Ismaïla Sarr,Forward,Senegal,3.0,1.0,2.1,2.0,2.0,3.0,1.0,5.0,0.0
Israel Reyes,Defender,Mexico,0.0,0.0,0.04,0.0,0.0,2.0,1.0,5.0,0.0
Issa Diop,Defender,Morocco,0.0,0.0,0.0,0.0,0.0,0.0,0.0,3.0,0.0
Issa Laye,Defender,Qatar,0.0,0.0,0.08,0.0,0.0,1.0,3.0,8.0,0.0
Ivan Basic,Midfielder,Bosnia and Herzegovina,0.0,1.0,0.12,0.0,2.0,6.0,1.0,8.0,0.0
Ivan Perišić,Forward,Croatia,0.0,1.0,0.02,0.0,0.0,5.0,6.0,10.0,0.0
Ivan Sunjic,Midfielder,Bosnia and Herzegovina,0.0,0.0,0.03,0.0,0.0,2.0,3.0,5.0,0.0
Jack Hendry,Defender,Scotland,0.0,0.0,0.0,0.0,0.0,1.0,2.0,4.0,0.0
Jackson Irvine,Midfielder,Australia,0.0,0.0,0.15,0.0,1.0,0.0,2.0,4.0,0.0
Jackson Porozo,Defender,Ecuador,0.0,0.0,0.0,0.0,0.0,0.0,0.0,0.0,0.0
Jacob Italiano,Midfielder,Australia,0.0,0.0,0.02,0.0,3.0,1.0,4.0,4.0,0.0
Jacob Shaffelburg,Forward,Canada,0.0,0.0,0.09,0.0,0.0,4.0,1.0,7.0,0.0
Jacob Widell Zetterstrom,Goalkeeper,Sweden,0.0,0.0,0.0,0.0,0.0,0.0,0.0,11.0,2.0
Jae-sung Lee,Forward,South Korea,0.0,0.0,0.45,1.0,0.0,3.0,4.0,6.0,0.0
Jakhongir Urozov,Defender,Uzbekistan,0.0,0.0,0.0,0.0,0.0,0.0,1.0,1.0,0.0
Jalal Hassan,Goalkeeper,Iraq,0.0,0.0,0.0,0.0,0.0,0.0,0.0,10.0,8.0
Jamal Musiala,Midfielder,Germany,1.0,0.0,0.38,0.0,9.0,4.0,7.0,9.0,0.0
James Rodríguez,Midfielder,Colombia,0.0,0.0,0.28,0.0,2.0,10.0,1.0,3.0,0.0
Jamie Leweling,Forward,Germany,0.0,0.0,0.02,0.0,0.0,0.0,0.0,4.0,0.0
Jaminton Campaz,Forward,Colombia,1.0,0.0,0.2,0.0,1.0,0.0,1.0,2.0,0.0
Jamiro Monteiro,Midfielder,Cape Verde,0.0,0.0,0.21,0.0,0.0,2.0,3.0,8.0,0.0
Jamshid Iskandarov,Midfielder,Uzbekistan,0.0,0.0,0.0,0.0,0.0,0.0,0.0,0.0,0.0
Jan Paul van Hecke,Defender,Netherlands,1.0,0.0,0.24,0.0,0.0,1.0,5.0,12.0,0.0
Jaouen Hadjam,Defender,Algeria,0.0,0.0,0.0,0.0,3.0,0.0,1.0,5.0,0.0
Jarell Quansah,Defender,England,0.0,0.0,0.0,0.0,0.0,0.0,0.0,4.0,0.0
Jaroslav Zeleny,Defender,Czechia,0.0,0.0,0.01,0.0,2.0,0.0,0.0,5.0,0.0
Jason Geria,Defender,Australia,0.0,0.0,0.0,0.0,0.0,0.0,1.0,3.0,0.0
Jassem Gaber Abdulsallam,Midfielder,Qatar,0.0,0.0,0.0,0.0,0.0,0.0,3.0,2.0,0.0
Jayden Adams,Midfielder,South Africa,0.0,0.0,0.0,0.0,1.0,1.0,0.0,2.0,0.0
Jean Michael Seri,Midfielder,Ivory Coast,0.0,0.0,0.0,0.0,0.0,0.0,1.0,1.0,0.0
Jean-Kevin Duverne,Defender,Haiti,0.0,1.0,0.02,0.0,1.0,2.0,6.0,4.0,0.0
Jean-Philippe Mateta,Forward,France,0.0,0.0,0.0,0.0,0.0,0.0,0.0,0.0,0.0
Jean-Ricner Bellegarde,Forward,Haiti,0.0,0.0,0.28,0.0,2.0,3.0,2.0,15.0,0.0
Jearl Margaritha,Forward,Curaçao,0.0,0.0,0.04,0.0,0.0,0.0,0.0,1.0,0.0
Jefferson Lerma,Midfielder,Colombia,0.0,0.0,0.23,0.0,0.0,2.0,0.0,12.0,0.0
Jens Castrop,Midfielder,South Korea,0.0,0.0,0.0,0.0,1.0,1.0,1.0,1.0,0.0
Jens Petter Hauge,Forward,Norway,0.0,0.0,0.0,0.0,0.0,0.0,0.0,0.0,0.0
Jeremy Antonisse,Forward,Curaçao,0.0,0.0,0.05,0.0,1.0,2.0,2.0,6.0,0.0
Jeremy Doku,Forward,Belgium,0.0,0.0,0.26,0.0,5.0,3.0,0.0,7.0,0.0
Jerome Opoku,Defender,Ghana,0.0,0.0,0.0,0.0,0.0,2.0,2.0,5.0,0.0
Jesper Karlstrom,Midfielder,Sweden,0.0,0.0,0.08,0.0,1.0,2.0,3.0,4.0,0.0
Jesse Randall,Midfielder,New Zealand,0.0,0.0,0.01,0.0,1.0,2.0,0.0,3.0,0.0
Jesus Gallardo,Defender,Mexico,0.0,0.0,0.09,0.0,1.0,0.0,2.0,6.0,0.0
Jhon Arias,Forward,Colombia,0.0,0.0,0.43,0.0,3.0,7.0,8.0,11.0,0.0
Jhon Córdoba,Forward,Colombia,0.0,0.0,0.3,1.0,0.0,0.0,0.0,1.0,0.0
Jhon Lucumí,Defender,Colombia,0.0,0.0,0.05,0.0,0.0,0.0,1.0,13.0,0.0
Ji-sung Eom,Forward,South Korea,0.0,0.0,0.0,0.0,1.0,1.0,2.0,1.0,0.0
Jin-gyu Kim,Midfielder,South Korea,0.0,0.0,0.06,0.0,0.0,1.0,1.0,5.0,0.0
Jin-seob Park,Midfielder,South Korea,0.0,0.0,0.36,1.0,0.0,0.0,0.0,2.0,0.0
Jiovany Ramos,Defender,Panama,0.0,0.0,0.11,0.0,3.0,0.0,7.0,3.0,0.0
João Cancelo,Defender,Portugal,0.0,1.0,0.03,0.0,3.0,2.0,2.0,10.0,0.0
João Félix,Forward,Portugal,0.0,0.0,0.79,3.0,4.0,0.0,4.0,5.0,0.0
João Neves,Midfielder,Portugal,1.0,0.0,0.05,0.0,0.0,1.0,4.0,10.0,0.0
João Paulo,Midfielder,Cape Verde,0.0,0.0,0.08,0.0,1.0,0.0,2.0,6.0,0.0
Joe Bell,Midfielder,New Zealand,0.0,0.0,0.02,0.0,2.0,1.0,5.0,13.0,0.0
Joe Scally,Defender,USA,0.0,0.0,0.0,0.0,0.0,1.0,1.0,3.0,0.0
Joel Ordonez,Defender,Ecuador,0.0,0.0,0.2,0.0,1.0,0.0,5.0,4.0,0.0
Johan Manzambi,Midfielder,Switzerland,3.0,1.0,0.77,1.0,2.0,2.0,0.0,4.0,0.0
Johan Mojica,Defender,Colombia,0.0,0.0,0.04,0.0,0.0,1.0,2.0,5.0,0.0
Johan Vasquez,Defender,Mexico,0.0,0.0,0.0,0.0,0.0,0.0,1.0,6.0,0.0
John McGinn,Midfielder,Scotland,1.0,0.0,0.39,2.0,2.0,3.0,0.0,8.0,0.0
John Stones,Defender,England,0.0,0.0,0.0,0.0,0.0,0.0,1.0,5.0,0.0
John Yeboah,Forward,Ecuador,0.0,0.0,0.3,0.0,5.0,7.0,2.0,8.0,0.0
Johny Placide,Goalkeeper,Haiti,0.0,0.0,0.0,0.0,0.0,0.0,0.0,20.0,11.0
Jonas Adjei Adjetey,Defender,Ghana,0.0,0.0,0.13,0.0,0.0,1.0,4.0,5.0,0.0
Jonathan David,Forward,Canada,3.0,0.0,2.59,1.0,0.0,2.0,1.0,2.0,0.0
Jonathan Osorio,Midfielder,Canada,0.0,0.0,0.0,0.0,0.0,0.0,0.0,0.0,0.0
Jonathan Tah,Defender,Germany,0.0,0.0,0.0,0.0,0.0,2.0,3.0,14.0,0.0
Jordan Ayew,Forward,Ghana,0.0,0.0,0.0,0.0,2.0,1.0,2.0,3.0,0.0
Jordan Bos,Defender,Australia,0.0,0.0,0.25,0.0,7.0,4.0,4.0,12.0,0.0
Jordan Henderson,Midfielder,England,0.0,0.0,0.0,0.0,0.0,0.0,1.0,0.0,0.0
Jordan Pickford,Goalkeeper,England,0.0,0.0,0.0,0.0,0.0,0.0,0.0,24.0,5.0
Jordy Alcivar,Midfielder,Ecuador,0.0,0.0,0.04,0.0,0.0,0.0,1.0,6.0,0.0
Jordy Caicedo,Forward,Ecuador,0.0,0.0,0.0,0.0,0.0,0.0,0.0,2.0,0.0
Jorge Gutiérrez,Defender,Panama,0.0,0.0,0.0,0.0,0.0,1.0,1.0,4.0,0.0
Jorge Sanchez,Defender,Mexico,0.0,1.0,0.03,0.0,2.0,3.0,2.0,7.0,0.0
Jørgen Strand Larsen,Forward,Norway,0.0,0.0,1.04,2.0,1.0,2.0,0.0,1.0,0.0
Joris Kayembe,Defender,DR Congo,0.0,0.0,0.02,0.0,0.0,2.0,4.0,4.0,0.0
Jose Canale,Defender,Paraguay,0.0,0.0,0.0,0.0,0.0,0.0,1.0,1.0,0.0
José Córdoba,Defender,Panama,0.0,0.0,0.0,0.0,1.0,0.0,4.0,17.0,0.0
José Fajardo,Forward,Panama,0.0,0.0,0.2,1.0,0.0,0.0,3.0,4.0,0.0
José Luis Rodríguez,Forward,Panama,0.0,0.0,0.14,0.0,1.0,1.0,4.0,14.0,0.0
José Manuel López,Forward,Argentina,0.0,0.0,0.02,0.0,0.0,0.0,1.0,0.0,0.0
Joshua Brenet,Defender,Curaçao,0.0,0.0,0.0,0.0,2.0,1.0,8.0,8.0,0.0
Joshua Kimmich,Defender,Germany,0.0,2.0,0.0,0.0,0.0,8.0,5.0,8.0,0.0
Josip Stanišić,Defender,Croatia,0.0,1.0,0.0,0.0,2.0,2.0,3.0,11.0,0.0
Josip Šutalo,Defender,Croatia,0.0,0.0,0.17,0.0,2.0,0.0,3.0,11.0,0.0
Joško Gvardiol,Defender,Croatia,0.0,0.0,0.2,1.0,0.0,0.0,3.0,8.0,0.0
Josue Casimir,Forward,Haiti,0.0,0.0,0.01,0.0,3.0,1.0,0.0,3.0,0.0
Jovane Cabral,Forward,Cape Verde,0.0,0.0,0.01,0.0,1.0,0.0,1.0,6.0,0.0
Jovo Lukic,Forward,Bosnia and Herzegovina,1.0,0.0,0.69,0.0,0.0,0.0,1.0,3.0,0.0
Juan Caceres,Defender,Paraguay,0.0,0.0,0.05,0.0,3.0,1.0,16.0,7.0,0.0
Juan Fernando Quintero,Midfielder,Colombia,0.0,2.0,0.04,0.0,0.0,3.0,0.0,2.0,0.0
Juan Sanabria,Defender,Uruguay,0.0,0.0,0.11,0.0,0.0,3.0,7.0,5.0,0.0
Jude Bellingham,Midfielder,England,2.0,1.0,0.62,1.0,4.0,6.0,9.0,13.0,0.0
Jules Koundé,Defender,France,0.0,0.0,0.0,0.0,0.0,3.0,9.0,14.0,0.0
Julián Alvarez,Forward,Argentina,0.0,0.0,0.49,1.0,0.0,0.0,1.0,6.0,0.0
Julian Quinones,Forward,Mexico,2.0,0.0,1.29,1.0,5.0,4.0,2.0,7.0,0.0
Julian Ryerson,Midfielder,Norway,0.0,0.0,0.0,0.0,1.0,4.0,5.0,3.0,0.0
Julio Enciso,Forward,Paraguay,0.0,2.0,0.21,0.0,11.0,5.0,4.0,6.0,0.0
Juninho Bacuna,Midfielder,Curaçao,0.0,0.0,0.24,0.0,7.0,6.0,6.0,18.0,0.0
Junior Alonso,Defender,Paraguay,0.0,0.0,0.0,0.0,0.0,1.0,4.0,6.0,0.0
Junnosuke Suzuki,Defender,Japan,0.0,0.0,0.0,0.0,0.0,0.0,0.0,0.0,0.0
Junya Ito,Forward,Japan,1.0,0.0,0.64,0.0,1.0,3.0,3.0,4.0,0.0
Jurgen Locadia,Forward,Curaçao,0.0,0.0,0.11,0.0,0.0,2.0,0.0,2.0,0.0
Jurien Gaari,Defender,Curaçao,0.0,0.0,0.05,0.0,0.0,1.0,3.0,3.0,0.0
Justin Kluivert,Midfielder,Netherlands,0.0,0.0,0.0,0.0,0.0,0.0,0.0,0.0,0.0
Kaan Ayhan,Defender,Türkiye,1.0,0.0,0.6,0.0,0.0,0.0,0.0,1.0,0.0
Kai Havertz,Forward,Germany,2.0,0.0,1.31,2.0,0.0,1.0,3.0,4.0,0.0
Kaishu Sano,Midfielder,Japan,0.0,1.0,0.0,0.0,0.0,1.0,3.0,8.0,0.0
Kalidou Koulibaly,Defender,Senegal,0.0,0.0,0.0,0.0,0.0,0.0,5.0,9.0,0.0
Kamaldeen Sulemana,Forward,Ghana,0.0,0.0,0.01,0.0,4.0,1.0,4.0,6.0,0.0
Kamogelo Sebelebele,Forward,South Africa,0.0,0.0,0.0,0.0,1.0,0.0,0.0,1.0,0.0
Kang-in Lee,Forward,South Korea,0.0,1.0,0.15,0.0,11.0,7.0,2.0,3.0,0.0
Karim Boudiaf,Midfielder,Qatar,0.0,0.0,0.02,0.0,0.0,1.0,0.0,7.0,0.0
Karim Hafez,Defender,Egypt,0.0,0.0,0.0,0.0,0.0,0.0,0.0,2.0,0.0
Keisuke Goto,Forward,Japan,0.0,0.0,0.0,0.0,0.0,0.0,1.0,0.0,0.0
Keito Nakamura,Forward,Japan,1.0,1.0,0.16,0.0,5.0,4.0,3.0,8.0,0.0
Kelvin Pires,Defender,Cape Verde,0.0,0.0,0.02,0.0,1.0,0.0,1.0,2.0,0.0
Ken Sema,Midfielder,Sweden,0.0,0.0,0.03,0.0,0.0,0.0,1.0,0.0,0.0
Kenan Yildiz,Forward,Türkiye,0.0,0.0,0.49,0.0,5.0,5.0,5.0,11.0,0.0
Kenji Gorre,Forward,Curaçao,0.0,0.0,0.0,0.0,0.0,0.0,0.0,0.0,0.0
Kenny McLean,Midfielder,Scotland,0.0,0.0,0.02,0.0,0.0,1.0,3.0,3.0,0.0
Kento Shiogai,Forward,Japan,0.0,0.0,0.0,0.0,0.0,0.0,0.0,1.0,0.0
Kerem Akturkoglu,Forward,Türkiye,0.0,0.0,0.29,1.0,0.0,3.0,1.0,0.0,0.0
Kerim Alajbegovic,Midfielder,Bosnia and Herzegovina,1.0,0.0,0.19,0.0,8.0,4.0,0.0,7.0,0.0
Kevin Castaño,Midfielder,Colombia,0.0,0.0,0.0,0.0,0.0,0.0,1.0,0.0,0.0
Kevin Danso,Defender,Austria,0.0,0.0,0.14,1.0,2.0,1.0,1.0,3.0,0.0
Kevin De Bruyne,Midfielder,Belgium,1.0,0.0,1.1,0.0,5.0,9.0,2.0,10.0,0.0
Kevin Lenini,Midfielder,Cape Verde,1.0,0.0,0.08,0.0,2.0,2.0,4.0,9.0,0.0
Kevin Rodriguez,Forward,Ecuador,0.0,1.0,0.6,0.0,0.0,4.0,1.0,4.0,0.0
Kevin Yakob,Midfielder,Iraq,0.0,0.0,0.02,0.0,1.0,0.0,1.0,5.0,0.0
Khalid Al-Ghannam,Forward,Saudi Arabia,0.0,0.0,0.0,0.0,0.0,0.0,0.0,0.0,0.0
Khozhiakbar Alizhonov,Defender,Uzbekistan,0.0,0.0,0.0,0.0,4.0,2.0,6.0,8.0,0.0
Khuliso Mudau,Defender,South Africa,0.0,0.0,0.0,0.0,1.0,1.0,7.0,18.0,0.0
Kieran Tierney,Defender,Scotland,0.0,0.0,0.05,0.0,0.0,3.0,3.0,3.0,0.0
Kim Min-jae,Defender,South Korea,0.0,0.0,0.03,0.0,0.0,3.0,3.0,11.0,0.0
Kim Moon-hwan,Defender,South Korea,0.0,0.0,0.0,0.0,0.0,0.0,1.0,5.0,0.0
Kim Seung-gyu,Goalkeeper,South Korea,0.0,0.0,0.0,0.0,0.0,0.0,0.0,22.0,9.0
Ko Itakura,Defender,Japan,0.0,1.0,0.0,0.0,0.0,2.0,1.0,3.0,0.0
Kojo Peprah Oppong,Defender,Ghana,0.0,0.0,0.0,0.0,0.0,0.0,0.0,3.0,0.0
Koki Ogawa,Forward,Japan,0.0,1.0,0.36,1.0,0.0,1.0,0.0,0.0,0.0
Konrad Laimer,Defender,Austria,0.0,1.0,0.01,0.0,2.0,1.0,5.0,6.0,0.0
Krépin Diatta,Forward,Senegal,0.0,0.0,0.07,0.0,6.0,3.0,9.0,19.0,0.0
Kristian Thorstvedt,Midfielder,Norway,0.0,0.0,0.19,0.0,2.0,0.0,2.0,3.0,0.0
Kristoffer Ajer,Defender,Norway,0.0,0.0,0.2,1.0,0.0,0.0,3.0,9.0,0.0
Kristoffer Nordfeldt,Goalkeeper,Sweden,0.0,0.0,0.0,0.0,0.0,0.0,0.0,11.0,3.0
Kwasi Sibo,Midfielder,Ghana,0.0,0.0,0.0,0.0,0.0,0.0,1.0,7.0,0.0
Kylian Mbappé,Forward,France,4.0,2.0,2.28,3.0,4.0,6.0,1.0,10.0,0.0
Ladislav Krejci,Defender,Czechia,1.0,0.0,0.46,0.0,1.0,2.0,8.0,9.0,0.0
Lamine Camara,Midfielder,Senegal,0.0,1.0,0.13,0.0,3.0,5.0,1.0,13.0,0.0
Lamine Yamal,Forward,Spain,1.0,0.0,0.42,0.0,9.0,3.0,2.0,6.0,0.0
Laros Duarte,Midfielder,Cape Verde,0.0,0.0,0.74,1.0,2.0,5.0,0.0,4.0,0.0
Lautaro Martínez,Forward,Argentina,1.0,0.0,1.49,1.0,0.0,1.0,3.0,6.0,0.0
Lawrence Ati Zigi,Goalkeeper,Ghana,0.0,0.0,0.0,0.0,0.0,0.0,0.0,5.0,1.0
Lawrence Shankland,Forward,Scotland,0.0,0.0,0.24,0.0,0.0,3.0,5.0,4.0,0.0
Leandro Bacuna,Midfielder,Curaçao,0.0,0.0,0.39,0.0,3.0,4.0,6.0,11.0,0.0
Leandro Paredes,Midfielder,Argentina,0.0,0.0,0.0,0.0,0.0,0.0,0.0,2.0,0.0
Leandro Trossard,Forward,Belgium,2.0,0.0,1.49,1.0,7.0,13.0,5.0,16.0,0.0
Lee Tae-seok,Midfielder,South Korea,0.0,0.0,0.0,0.0,1.0,3.0,4.0,6.0,0.0
Lenny Joseph,Forward,Haiti,0.0,0.0,0.41,1.0,4.0,1.0,0.0,4.0,0.0
Leo Østigård,Defender,Norway,1.0,0.0,0.35,0.0,0.0,0.0,3.0,6.0,0.0
Leon Goretzka,Midfielder,Germany,0.0,0.0,0.0,0.0,0.0,0.0,1.0,1.0,0.0
Leroy Sane,Forward,Germany,1.0,0.0,1.09,2.0,2.0,3.0,5.0,9.0,0.0
Lewis Ferguson,Midfielder,Scotland,0.0,0.0,0.05,0.0,0.0,1.0,12.0,11.0,0.0
Liam Millar,Forward,Canada,0.0,0.0,0.02,0.0,3.0,3.0,2.0,2.0,0.0
Liberato Cacace,Midfielder,New Zealand,0.0,0.0,0.02,0.0,4.0,2.0,5.0,11.0,0.0
Lionel Messi,Forward,Argentina,6.0,0.0,2.68,1.0,3.0,6.0,4.0,8.0,0.0
Lionel Mpasi Nzau,Goalkeeper,DR Congo,0.0,0.0,0.0,0.0,0.0,0.0,0.0,19.0,9.0
Lisandro Martínez,Defender,Argentina,0.0,0.0,0.0,0.0,0.0,1.0,3.0,6.0,0.0
Livano Comenencia,Defender,Curaçao,1.0,0.0,0.23,0.0,2.0,0.0,2.0,10.0,0.0
Logan Costa,Defender,Cape Verde,0.0,0.0,0.0,0.0,0.0,0.0,0.0,1.0,0.0
Louicius Don Deedson,Forward,Haiti,0.0,0.0,0.06,0.0,4.0,1.0,0.0,3.0,0.0
Luc De Fougerolles,Defender,Canada,0.0,0.0,0.03,0.0,0.0,2.0,5.0,8.0,0.0
Luca Jaquez,Defender,Switzerland,0.0,0.0,0.0,0.0,1.0,0.0,2.0,0.0,0.0
Luca Zidane,Goalkeeper,Algeria,0.0,0.0,0.0,0.0,0.0,0.0,0.0,15.0,6.0
Lucas Bergvall,Midfielder,Sweden,0.0,1.0,0.09,0.0,1.0,3.0,2.0,6.0,0.0
Lucas Digne,Defender,France,0.0,0.0,0.0,0.0,0.0,1.0,0.0,4.0,0.0
Lucas Herrington,Defender,Australia,0.0,0.0,0.0,0.0,0.0,0.0,2.0,5.0,0.0
Lucas Mendes,Defender,Qatar,0.0,0.0,0.0,0.0,0.0,0.0,1.0,0.0,0.0
Lucas Paqueta,Midfielder,Brazil,0.0,1.0,0.25,0.0,3.0,7.0,6.0,18.0,0.0
Luis Chavez,Midfielder,Mexico,0.0,0.0,0.0,0.0,0.0,0.0,2.0,0.0,0.0
Luis Díaz,Forward,Colombia,1.0,1.0,0.9,2.0,3.0,6.0,1.0,12.0,0.0
Luis Javier Suárez,Forward,Colombia,0.0,0.0,0.37,0.0,1.0,1.0,1.0,2.0,0.0
Luis Romo,Defender,Mexico,1.0,1.0,0.07,0.0,1.0,2.0,5.0,6.0,0.0
Luiz Henrique,Forward,Brazil,0.0,0.0,0.0,0.0,0.0,1.0,0.0,2.0,0.0
Luka Modrić,Midfielder,Croatia,0.0,1.0,0.02,0.0,1.0,5.0,4.0,7.0,0.0
Luka Sučić,Midfielder,Croatia,0.0,0.0,0.05,0.0,0.0,0.0,1.0,0.0,0.0
Luka Vušković,Defender,Croatia,0.0,0.0,0.0,0.0,1.0,0.0,0.0,6.0,0.0
Lukas Cerv,Midfielder,Czechia,0.0,0.0,0.15,0.0,1.0,0.0,4.0,4.0,0.0
Lukas Provod,Forward,Czechia,0.0,0.0,0.03,0.0,1.0,1.0,3.0,2.0,0.0
Lyle Foster,Forward,South Africa,0.0,0.0,0.04,0.0,0.0,0.0,0.0,0.0,0.0
Lyndon Dykes,Forward,Scotland,0.0,0.0,0.14,0.0,0.0,0.0,1.0,1.0,0.0
Maghnes Akliouche,Forward,France,0.0,0.0,0.0,0.0,0.0,0.0,1.0,0.0,0.0
Mahdi Torabi,Forward,Iran,0.0,0.0,0.0,0.0,0.0,0.0,2.0,4.0,0.0
Mahmoud Al-Mardi,Midfielder,Jordan,0.0,0.0,0.07,0.0,1.0,1.0,1.0,5.0,0.0
Mahmoud Saber,Midfielder,Egypt,1.0,0.0,0.14,0.0,1.0,1.0,0.0,2.0,0.0
Mahmoud Trezeguet,Forward,Egypt,1.0,1.0,0.31,0.0,4.0,1.0,0.0,9.0,0.0
Mahmud Abunad,Goalkeeper,Qatar,0.0,0.0,0.0,0.0,0.0,0.0,0.0,20.0,12.0
Malick Thiaw,Defender,Germany,0.0,0.0,0.0,0.0,0.0,0.0,2.0,3.0,0.0
Malik Tillman,Midfielder,USA,0.0,1.0,0.64,1.0,3.0,5.0,3.0,12.0,0.0
Malo Gusto,Defender,France,0.0,0.0,0.0,0.0,0.0,0.0,0.0,0.0,0.0
Manaf Younis,Defender,Iraq,0.0,0.0,0.0,0.0,0.0,0.0,1.0,1.0,0.0
Manu Koné,Midfielder,France,0.0,0.0,0.14,1.0,1.0,1.0,5.0,11.0,0.0
Manuel Akanji,Defender,Switzerland,0.0,0.0,0.27,0.0,1.0,3.0,6.0,13.0,0.0
Manuel Neuer,Goalkeeper,Germany,0.0,0.0,0.0,0.0,0.0,0.0,0.0,25.0,3.0
Manuel Ugarte,Midfielder,Uruguay,0.0,0.0,0.06,0.0,1.0,2.0,3.0,10.0,0.0
Marc Cucurella,Defender,Spain,0.0,0.0,0.3,1.0,2.0,2.0,2.0,5.0,0.0
Marc Guéhi,Defender,England,0.0,0.0,0.17,0.0,0.0,1.0,0.0,8.0,0.0
Marcel Sabitzer,Midfielder,Austria,1.0,0.0,0.3,0.0,2.0,3.0,4.0,12.0,0.0
Marco Friedl,Defender,Austria,0.0,0.0,0.0,0.0,0.0,0.0,0.0,1.0,0.0
Marco Pašalić,Forward,Croatia,0.0,0.0,0.8,2.0,5.0,1.0,3.0,7.0,0.0
Marcos Llorente,Defender,Spain,0.0,1.0,0.0,0.0,1.0,4.0,6.0,10.0,0.0
Marcos Senesi,Defender,Argentina,0.0,0.0,0.28,1.0,0.0,0.0,0.0,4.0,0.0
Marcus Pedersen,Midfielder,Norway,1.0,0.0,0.13,0.0,0.0,1.0,1.0,1.0,0.0
Marcus Rashford,Forward,England,1.0,0.0,0.32,0.0,2.0,1.0,1.0,6.0,0.0
Marcus Thuram,Forward,France,0.0,0.0,0.0,0.0,0.0,0.0,0.0,0.0,0.0
Marin Pongračić,Defender,Croatia,0.0,0.0,0.09,0.0,0.0,0.0,4.0,6.0,0.0
Mario Pašalić,Midfielder,Croatia,0.0,0.0,0.11,0.0,0.0,0.0,1.0,6.0,0.0
Mark McKenzie,Defender,USA,0.0,0.0,0.0,0.0,0.0,0.0,1.0,3.0,0.0
Marko Arnautović,Forward,Austria,2.0,0.0,1.88,1.0,0.0,1.0,2.0,2.0,0.0
Marko Farji,Midfielder,Iraq,0.0,0.0,0.0,0.0,1.0,1.0,1.0,2.0,0.0
Marko Stamenić,Midfielder,New Zealand,0.0,0.0,0.13,0.0,2.0,3.0,2.0,14.0,0.0
Marquinhos,Defender,Brazil,0.0,0.0,0.09,0.0,0.0,0.0,2.0,10.0,0.0
Martin Baturina,Midfielder,Croatia,1.0,0.0,0.07,0.0,9.0,3.0,3.0,12.0,0.0
Martin Experience,Defender,Haiti,0.0,0.0,0.02,0.0,0.0,2.0,10.0,15.0,0.0
Martin Ødegaard,Midfielder,Norway,0.0,2.0,0.79,1.0,0.0,2.0,3.0,6.0,0.0
Marvin Senaya,Defender,Ghana,0.0,0.0,0.07,0.0,0.0,0.0,18.0,4.0,0.0
Marwan Attia,Midfielder,Egypt,0.0,0.0,0.03,0.0,0.0,3.0,3.0,17.0,0.0
Matej Kovar,Goalkeeper,Czechia,0.0,0.0,0.0,0.0,0.0,0.0,0.0,13.0,9.0
Mateo Chavez,Defender,Mexico,1.0,0.0,0.43,0.0,2.0,1.0,1.0,4.0,0.0
Mateo Kovačić,Midfielder,Croatia,0.0,1.0,0.08,0.0,0.0,1.0,4.0,4.0,0.0
Matheus Cunha,Forward,Brazil,3.0,0.0,1.22,0.0,2.0,1.0,5.0,6.0,0.0
Matheus Nunes,Defender,Portugal,0.0,0.0,0.0,0.0,0.0,0.0,0.0,0.0,0.0
Mathew Leckie,Forward,Australia,0.0,0.0,0.1,0.0,1.0,0.0,0.0,2.0,0.0
Mathías Olivera,Defender,Uruguay,0.0,0.0,0.05,0.0,2.0,5.0,8.0,15.0,0.0
Mathieu Choiniere,Midfielder,Canada,0.0,0.0,0.0,0.0,0.0,1.0,1.0,3.0,0.0
Matias Fernandez-Pardo,Forward,Belgium,0.0,0.0,0.34,1.0,2.0,4.0,2.0,1.0,0.0
Matias Galarza,Midfielder,Paraguay,1.0,0.0,0.09,0.0,4.0,1.0,11.0,16.0,0.0
Matías Viña,Defender,Uruguay,0.0,0.0,0.0,0.0,0.0,1.0,0.0,6.0,0.0
Matt Turner,Goalkeeper,USA,0.0,0.0,0.0,0.0,0.0,0.0,0.0,11.0,0.0
Matthew Freese,Goalkeeper,USA,0.0,0.0,0.0,0.0,0.0,0.0,0.0,10.0,2.0
Mattias Svanberg,Midfielder,Sweden,1.0,0.0,0.09,0.0,0.0,0.0,0.0,0.0,0.0
Mauricio,Midfielder,Paraguay,1.0,0.0,0.33,0.0,0.0,0.0,4.0,6.0,0.0
Max Crocombe,Goalkeeper,New Zealand,0.0,0.0,0.0,0.0,0.0,1.0,0.0,27.0,11.0
Maxence Lacroix,Defender,France,0.0,0.0,0.0,0.0,0.0,0.0,2.0,3.0,0.0
Maxim De Cuyper,Defender,Belgium,0.0,0.0,1.04,1.0,2.0,3.0,2.0,16.0,0.0
Maxime Crepeau,Goalkeeper,Canada,0.0,0.0,0.0,0.0,0.0,0.0,1.0,20.0,4.0
Maximilian Beier,Forward,Germany,0.0,0.0,0.0,0.0,0.0,0.0,0.0,0.0,0.0
Maximiliano Araújo,Defender,Uruguay,2.0,1.0,1.17,0.0,5.0,10.0,2.0,7.0,0.0
Mbekezeli Mbokazi,Defender,South Africa,0.0,0.0,0.06,0.0,0.0,2.0,4.0,7.0,0.0
Mehdi Ghayedi,Forward,Iran,0.0,0.0,0.03,0.0,0.0,1.0,1.0,1.0,0.0
Mehdi Taremi,Forward,Iran,0.0,0.0,1.3,2.0,2.0,4.0,3.0,14.0,0.0
Memphis Depay,Forward,Netherlands,0.0,1.0,0.0,0.0,1.0,2.0,0.0,3.0,0.0
Merchas Doski,Defender,Iraq,0.0,0.0,0.02,0.0,1.0,2.0,13.0,14.0,0.0
Merih Demiral,Defender,Türkiye,0.0,0.0,0.34,1.0,0.0,1.0,1.0,1.0,0.0
Mert Muldur,Defender,Türkiye,0.0,0.0,0.2,0.0,1.0,3.0,3.0,6.0,0.0
Meschak Elia,Forward,DR Congo,0.0,1.0,0.02,0.0,0.0,3.0,1.0,2.0,0.0
Michael Boxall,Defender,New Zealand,0.0,0.0,0.0,0.0,0.0,0.0,1.0,4.0,0.0
Michael Gregoritsch,Forward,Austria,0.0,1.0,0.13,0.0,0.0,2.0,1.0,2.0,0.0
Michael Olise,Forward,France,0.0,3.0,1.03,1.0,6.0,7.0,3.0,16.0,0.0
Michal Sadilek,Midfielder,Czechia,1.0,0.0,0.52,0.0,0.0,1.0,4.0,5.0,0.0
Michel Aebischer,Midfielder,Switzerland,0.0,0.0,0.36,1.0,2.0,4.0,5.0,6.0,0.0
Micky van de Ven,Defender,Netherlands,0.0,0.0,0.02,0.0,1.0,1.0,3.0,4.0,0.0
Miguel Almiron,Forward,Paraguay,0.0,0.0,0.04,0.0,4.0,2.0,5.0,8.0,0.0
Mike Maignan,Goalkeeper,France,0.0,0.0,0.0,0.0,0.0,0.0,0.0,18.0,5.0
Mikel Merino,Midfielder,Spain,0.0,0.0,0.15,0.0,0.0,3.0,2.0,4.0,0.0
Mikel Oyarzabal,Forward,Spain,2.0,1.0,1.32,0.0,3.0,2.0,2.0,6.0,0.0
Milad Mohammadi,Defender,Iran,0.0,0.0,0.12,0.0,4.0,2.0,7.0,7.0,0.0
Miles Robinson,Defender,USA,0.0,0.0,0.06,0.0,0.0,1.0,1.0,2.0,0.0
Miro Muheim,Midfielder,Switzerland,0.0,0.0,0.0,0.0,0.0,0.0,0.0,1.0,0.0
Mo Abualnadi,Defender,Jordan,0.0,0.0,0.0,0.0,0.0,0.0,0.0,5.0,0.0
Mohamed Abdelmonem,Defender,Egypt,0.0,0.0,0.0,0.0,0.0,0.0,1.0,4.0,0.0
Mohamed Amoura,Forward,Algeria,0.0,0.0,0.0,0.0,0.0,1.0,0.0,0.0,0.0
Mohamed Belhadj Mahmoud,Midfielder,Tunisia,0.0,0.0,0.0,0.0,0.0,0.0,2.0,2.0,0.0
Mohamed Hany,Defender,Egypt,0.0,1.0,0.1,0.0,2.0,3.0,13.0,14.0,0.0
Mohamed Kanno,Midfielder,Saudi Arabia,0.0,0.0,0.23,1.0,1.0,0.0,8.0,9.0,0.0
Mohamed Naceur Almanai,Midfielder,Qatar,0.0,0.0,0.0,0.0,0.0,0.0,2.0,2.0,0.0
Mohamed Salah,Forward,Egypt,1.0,2.0,0.78,1.0,3.0,11.0,1.0,10.0,0.0
Mohamed Toure,Forward,Australia,0.0,0.0,0.08,0.0,2.0,1.0,1.0,2.0,0.0
Mohammad Abu Zrayq,Forward,Jordan,0.0,0.0,0.0,0.0,0.0,0.0,0.0,0.0,0.0
Mohammad Al Daoud,Midfielder,Jordan,0.0,0.0,0.0,0.0,1.0,0.0,0.0,1.0,0.0
Mohammad Ali Hasheesh,Defender,Jordan,0.0,0.0,0.0,0.0,0.0,0.0,2.0,1.0,0.0
Mohammad Ghorbani,Midfielder,Iran,0.0,0.0,0.17,1.0,1.0,0.0,2.0,3.0,0.0
Mohammad Mohebi,Forward,Iran,1.0,0.0,0.32,0.0,0.0,2.0,3.0,8.0,0.0
Mohammed Abu Al-Shamat,Midfielder,Saudi Arabia,0.0,0.0,0.04,0.0,0.0,0.0,3.0,7.0,0.0
Mohammed Al-Owais,Goalkeeper,Saudi Arabia,0.0,0.0,0.0,0.0,0.0,0.0,0.0,13.0,16.0
Mohanad Ali,Forward,Iraq,0.0,0.0,0.0,0.0,0.0,0.0,0.0,0.0,0.0
Mohanad Lasheen,Midfielder,Egypt,0.0,0.0,0.17,0.0,2.0,1.0,13.0,10.0,0.0
Mohannad Abu Taha,Midfielder,Jordan,0.0,0.0,0.04,0.0,4.0,1.0,9.0,22.0,0.0
Moise Bombito,Defender,Canada,0.0,0.0,0.0,0.0,0.0,0.0,0.0,0.0,0.0
Moises Caicedo,Midfielder,Ecuador,0.0,0.0,0.08,0.0,1.0,8.0,8.0,18.0,0.0
Mojmir Chytil,Forward,Czechia,0.0,0.0,0.0,0.0,0.0,1.0,0.0,0.0,0.0
Montassar Talbi,Defender,Tunisia,0.0,0.0,0.15,0.0,0.0,0.0,3.0,7.0,0.0
Morgan Rogers,Forward,England,0.0,0.0,0.0,0.0,2.0,3.0,3.0,4.0,0.0
Mortadha Ben Ouanes,Midfielder,Tunisia,0.0,0.0,0.0,0.0,0.0,0.0,1.0,0.0,0.0
Morten Thorsby,Midfielder,Norway,0.0,0.0,0.0,0.0,0.0,0.0,1.0,1.0,0.0
Mory Diaw,Goalkeeper,Senegal,0.0,0.0,0.0,0.0,1.0,0.0,0.0,10.0,1.0
Mostafa Shobeir,Goalkeeper,Egypt,0.0,0.0,0.0,0.0,0.0,0.0,0.0,15.0,9.0
Mostafa Ziko,Midfielder,Egypt,1.0,1.0,0.72,0.0,0.0,4.0,2.0,11.0,0.0
Moteb Al-Harbi,Defender,Saudi Arabia,0.0,0.0,0.0,0.0,1.0,0.0,0.0,6.0,0.0
Mousa Tamari,Forward,Jordan,1.0,1.0,0.9,0.0,5.0,2.0,2.0,5.0,0.0
Moussa Niakhaté,Defender,Senegal,0.0,0.0,0.11,0.0,1.0,0.0,2.0,5.0,0.0
Musab Al Juwayr,Midfielder,Saudi Arabia,0.0,0.0,0.0,0.0,0.0,3.0,4.0,12.0,0.0
Mustafa Saadoon,Defender,Iraq,0.0,0.0,0.0,0.0,0.0,0.0,2.0,0.0,0.0
Nabil Bentaleb,Midfielder,Algeria,0.0,0.0,0.02,0.0,0.0,4.0,6.0,8.0,0.0
Nadiem Amiri,Midfielder,Germany,0.0,1.0,0.08,0.0,0.0,1.0,0.0,3.0,0.0
Nahuel Molina,Defender,Argentina,0.0,0.0,0.0,0.0,2.0,1.0,3.0,6.0,0.0
Nasser Al-Dawsari,Midfielder,Saudi Arabia,0.0,0.0,0.03,0.0,4.0,0.0,5.0,11.0,0.0
Nathan Ake,Defender,Netherlands,0.0,0.0,0.12,0.0,0.0,1.0,1.0,5.0,0.0
Nathan Ngoy,Defender,Belgium,0.0,0.0,0.05,0.0,1.0,0.0,4.0,13.0,0.0
Nathan Patterson,Defender,Scotland,0.0,0.0,0.0,0.0,0.0,0.0,4.0,6.0,0.0
Nathan-Dylan Saliba,Midfielder,Canada,1.0,2.0,0.14,0.0,3.0,4.0,3.0,9.0,0.0
Nathanaël Mbuku,Forward,DR Congo,0.0,0.0,0.05,0.0,2.0,2.0,3.0,4.0,0.0
Nathaniel Brown,Defender,Germany,1.0,1.0,0.51,0.0,0.0,3.0,8.0,4.0,0.0
Nawaf Boushal,Defender,Saudi Arabia,0.0,0.0,0.0,0.0,0.0,0.0,0.0,3.0,0.0
Neil El Aynaoui,Midfielder,Morocco,0.0,0.0,0.39,0.0,1.0,2.0,12.0,9.0,0.0
Nélson Semedo,Defender,Portugal,0.0,0.0,0.0,0.0,1.0,0.0,0.0,4.0,0.0
Nestory Irankunda,Forward,Australia,1.0,0.0,0.51,0.0,1.0,1.0,0.0,7.0,0.0
Neymar,Forward,Brazil,0.0,0.0,0.01,0.0,0.0,3.0,0.0,1.0,0.0
Ngal'ayel Mukau,Midfielder,DR Congo,0.0,0.0,0.02,0.0,1.0,1.0,1.0,10.0,0.0
Nico Elvedi,Defender,Switzerland,0.0,0.0,0.31,0.0,0.0,2.0,1.0,6.0,0.0
Nico O'Reilly,Defender,England,0.0,0.0,0.57,2.0,4.0,4.0,4.0,6.0,0.0
Nico Paz,Midfielder,Argentina,0.0,0.0,0.06,0.0,2.0,0.0,3.0,6.0,0.0
Nico Schlotterbeck,Defender,Germany,1.0,0.0,0.31,0.0,2.0,1.0,3.0,10.0,0.0
Nico Williams,Forward,Spain,0.0,0.0,0.0,0.0,0.0,0.0,0.0,1.0,0.0
Nicolás de la Cruz,Midfielder,Uruguay,0.0,0.0,0.18,0.0,1.0,4.0,2.0,6.0,0.0
Nicolás González,Midfielder,Argentina,0.0,1.0,0.28,1.0,1.0,1.0,0.0,2.0,0.0
Nicolas Jackson,Forward,Senegal,0.0,1.0,0.62,2.0,1.0,3.0,2.0,5.0,0.0
Nicolás Otamendi,Defender,Argentina,0.0,0.0,0.04,0.0,0.0,0.0,3.0,3.0,0.0
Nicolas Pepe,Forward,Ivory Coast,2.0,0.0,0.78,0.0,4.0,1.0,0.0,12.0,0.0
Nicolas Raskin,Midfielder,Belgium,0.0,1.0,0.0,0.0,1.0,2.0,4.0,10.0,0.0
Nicolas Seiwald,Midfielder,Austria,0.0,0.0,0.13,0.0,1.0,1.0,9.0,12.0,0.0
Nicolás Tagliafico,Defender,Argentina,0.0,0.0,0.0,0.0,0.0,1.0,0.0,3.0,0.0
Niko Sigur,Defender,Canada,0.0,0.0,0.04,0.0,0.0,0.0,0.0,0.0,0.0
Nikola Katic,Defender,Bosnia and Herzegovina,0.0,0.0,0.07,0.0,0.0,0.0,8.0,6.0,0.0
Nikola Vasilj,Goalkeeper,Bosnia and Herzegovina,0.0,0.0,0.0,0.0,0.0,0.0,0.0,35.0,6.0
Nikola Vlašić,Midfielder,Croatia,1.0,0.0,0.15,0.0,0.0,0.0,1.0,3.0,0.0
Nilson Angulo,Forward,Ecuador,1.0,0.0,0.04,0.0,6.0,2.0,1.0,11.0,0.0
Nishan Velupillay,Forward,Australia,0.0,0.0,0.0,0.0,0.0,1.0,2.0,3.0,0.0
Nizar Mahmoud Al-Rashdan,Midfielder,Jordan,1.0,0.0,0.39,1.0,6.0,1.0,8.0,17.0,0.0
Nkosinathi Sibisi,Defender,South Africa,0.0,0.0,0.0,0.0,0.0,0.0,0.0,1.0,0.0
Noa Lang,Forward,Netherlands,0.0,0.0,0.0,0.0,1.0,0.0,0.0,0.0,0.0
Noah Sadiki,Midfielder,DR Congo,0.0,0.0,0.0,0.0,1.0,3.0,8.0,7.0,0.0
Noni Madueke,Forward,England,0.0,0.0,0.41,1.0,1.0,6.0,2.0,4.0,0.0
Noor Al-Deen Al Rawabdeh,Midfielder,Jordan,0.0,1.0,0.03,0.0,4.0,2.0,11.0,15.0,0.0
Noussair Mazraoui,Defender,Morocco,0.0,0.0,0.0,0.0,3.0,0.0,5.0,9.0,0.0
Nuno Da Costa,Forward,Cape Verde,0.0,0.0,0.03,0.0,3.0,1.0,2.0,7.0,0.0
Nuno Mendes,Defender,Portugal,1.0,0.0,0.17,0.0,4.0,6.0,3.0,12.0,0.0
Obed Vargas,Midfielder,Mexico,0.0,0.0,0.02,0.0,0.0,0.0,2.0,6.0,0.0
Odeh Fakhoury,Forward,Jordan,0.0,0.0,0.06,0.0,1.0,2.0,1.0,3.0,0.0
Odiljon Khamrobekov,Midfielder,Uzbekistan,0.0,0.0,0.06,0.0,0.0,0.0,0.0,2.0,0.0
Odilon Kossounou,Defender,Ivory Coast,0.0,0.0,0.0,0.0,1.0,0.0,2.0,5.0,0.0
Oguz Aydin,Forward,Türkiye,0.0,0.0,0.0,0.0,0.0,1.0,6.0,8.0,0.0
Ollie Watkins,Forward,England,0.0,0.0,0.0,0.0,0.0,0.0,0.0,0.0,0.0
Omar Alderete,Defender,Paraguay,0.0,0.0,0.01,0.0,0.0,1.0,0.0,7.0,0.0
Omar Marmoush,Forward,Egypt,0.0,0.0,0.65,0.0,7.0,2.0,3.0,5.0,0.0
Omar Rekik,Defender,Tunisia,1.0,0.0,0.03,0.0,0.0,1.0,4.0,8.0,0.0
Orbelin Pineda,Midfielder,Mexico,0.0,0.0,0.0,0.0,0.0,1.0,0.0,1.0,0.0
Ørjan Nyland,Goalkeeper,Norway,0.0,0.0,0.0,0.0,0.0,0.0,0.0,15.0,2.0
Orkun Kokcu,Midfielder,Türkiye,0.0,1.0,0.75,1.0,1.0,5.0,3.0,5.0,0.0
Orlando Gill,Goalkeeper,Paraguay,0.0,0.0,0.0,0.0,0.0,0.0,0.0,26.0,13.0
Orlando Mosquera,Goalkeeper,Panama,0.0,0.0,0.0,0.0,0.0,1.0,0.0,21.0,7.0
Oscar Bobb,Forward,Norway,0.0,0.0,0.5,1.0,1.0,1.0,1.0,6.0,0.0
Oston Urunov,Forward,Uzbekistan,0.0,0.0,0.0,0.0,1.0,0.0,0.0,5.0,0.0
Oswin Appollis,Forward,South Africa,0.0,0.0,0.05,0.0,3.0,0.0,4.0,7.0,0.0
Otabek Shukurov,Midfielder,Uzbekistan,0.0,0.0,0.05,0.0,1.0,1.0,3.0,16.0,0.0
Oumar Diakite,Forward,Ivory Coast,0.0,0.0,0.0,0.0,2.0,0.0,0.0,1.0,0.0
Ousmane Dembélé,Forward,France,4.0,1.0,0.96,0.0,3.0,5.0,2.0,7.0,0.0
Ousmane Diomande,Defender,Ivory Coast,0.0,0.0,0.0,0.0,0.0,0.0,0.0,3.0,0.0
Oussama Benbot,Goalkeeper,Algeria,0.0,0.0,0.0,0.0,0.0,0.0,0.0,6.0,0.0
Ozan Kabak,Defender,Türkiye,0.0,0.0,0.0,0.0,1.0,1.0,4.0,4.0,0.0
Pablo Gavi,Midfielder,Spain,0.0,0.0,0.05,0.0,0.0,0.0,3.0,2.0,0.0
Pape Gueye,Midfielder,Senegal,2.0,1.0,0.33,0.0,0.0,3.0,3.0,13.0,0.0
Pape Matar Sarr,Midfielder,Senegal,0.0,0.0,0.05,0.0,0.0,0.0,0.0,2.0,0.0
Pascal Gross,Midfielder,Germany,0.0,0.0,0.02,0.0,0.0,1.0,2.0,1.0,0.0
Pathé Ismaël Ciss,Midfielder,Senegal,0.0,0.0,0.24,1.0,0.0,0.0,1.0,3.0,0.0
Patrick Beach,Goalkeeper,Australia,0.0,0.0,0.0,0.0,1.0,0.0,0.0,24.0,11.0
Patrick Berg,Midfielder,Norway,0.0,1.0,0.07,0.0,2.0,2.0,1.0,4.0,0.0
Patrick Wimmer,Forward,Austria,0.0,0.0,0.09,0.0,0.0,0.0,1.0,2.0,0.0
Patrik Schick,Forward,Czechia,0.0,0.0,0.2,2.0,0.0,0.0,0.0,5.0,0.0
Pau Cubarsí,Defender,Spain,0.0,0.0,0.15,0.0,0.0,3.0,1.0,16.0,0.0
Paul Okon-Engstler,Midfielder,Australia,0.0,1.0,0.0,0.0,0.0,2.0,5.0,5.0,0.0
Paul Wanner,Midfielder,Austria,0.0,0.0,0.14,1.0,2.0,1.0,2.0,9.0,0.0
Pavel Sulc,Forward,Czechia,0.0,0.0,0.04,0.0,3.0,1.0,2.0,9.0,0.0
Pedri,Midfielder,Spain,0.0,0.0,0.18,0.0,4.0,6.0,5.0,17.0,0.0
Pedro Miguel,Defender,Qatar,0.0,0.0,0.22,1.0,2.0,0.0,6.0,5.0,0.0
Pedro Neto,Forward,Portugal,0.0,1.0,0.0,0.0,2.0,2.0,2.0,6.0,0.0
Pedro Porro,Defender,Spain,0.0,0.0,0.22,0.0,0.0,3.0,3.0,7.0,0.0
Pedro Vite,Midfielder,Ecuador,0.0,1.0,0.11,0.0,0.0,8.0,14.0,23.0,0.0
Pervis Estupinan,Midfielder,Ecuador,0.0,0.0,0.0,0.0,0.0,1.0,4.0,1.0,0.0
Petar Musa,Forward,Croatia,1.0,0.0,0.14,0.0,0.0,0.0,3.0,1.0,0.0
Petar Sučić,Midfielder,Croatia,1.0,1.0,0.05,0.0,1.0,2.0,2.0,8.0,0.0
Philipp Lienhart,Defender,Austria,0.0,0.0,0.11,0.0,0.0,0.0,1.0,9.0,0.0
Phillipp Mwene,Midfielder,Austria,0.0,0.0,0.05,0.0,0.0,2.0,1.0,3.0,0.0
Pico,Defender,Cape Verde,0.0,0.0,0.25,0.0,0.0,0.0,5.0,5.0,0.0
Piero Hincapie,Defender,Ecuador,0.0,0.0,0.5,1.0,1.0,2.0,9.0,3.0,0.0
Prince Kwabena Adu,Forward,Ghana,0.0,0.0,0.13,1.0,0.0,0.0,0.0,3.0,0.0
Promise David,Forward,Canada,1.0,1.0,0.8,0.0,0.0,1.0,1.0,4.0,0.0
Quinten Timber,Midfielder,Netherlands,0.0,0.0,0.0,0.0,0.0,1.0,2.0,0.0,0.0
Rafael Leão,Forward,Portugal,1.0,0.0,0.21,0.0,5.0,1.0,0.0,2.0,0.0
Rafik Belghali,Midfielder,Algeria,1.0,0.0,0.14,0.0,3.0,3.0,3.0,4.0,0.0
Rahman Baba,Defender,Ghana,0.0,0.0,0.0,0.0,0.0,0.0,0.0,0.0,0.0
Rami Rabia,Defender,Egypt,0.0,0.0,0.0,0.0,0.0,0.0,3.0,7.0,0.0
Ramin Rezaeian,Midfielder,Iran,2.0,1.0,0.58,1.0,1.0,6.0,6.0,11.0,0.0
Ramiz Zerrouki,Midfielder,Algeria,0.0,0.0,0.0,0.0,0.0,0.0,1.0,4.0,0.0
Ramon Sosa,Forward,Paraguay,0.0,0.0,0.0,0.0,0.0,0.0,0.0,2.0,0.0
Ramy Bensebaini,Defender,Algeria,0.0,0.0,0.07,0.0,1.0,0.0,8.0,16.0,0.0
Rani Khedira,Midfielder,Tunisia,0.0,0.0,0.02,0.0,0.0,0.0,3.0,3.0,0.0
Raphinha,Forward,Brazil,0.0,0.0,0.4,0.0,1.0,3.0,0.0,3.0,0.0
Raul Jimenez,Forward,Mexico,1.0,0.0,1.09,1.0,0.0,2.0,1.0,1.0,0.0
Raul Rangel,Goalkeeper,Mexico,0.0,0.0,0.0,0.0,0.0,0.0,0.0,19.0,5.0
Rayan,Forward,Brazil,0.0,1.0,0.65,1.0,2.0,5.0,2.0,4.0,0.0
Rayan Aït-Nouri,Defender,Algeria,0.0,0.0,0.06,0.0,6.0,0.0,10.0,9.0,0.0
Rayan Cherki,Midfielder,France,0.0,0.0,0.0,0.0,1.0,1.0,1.0,7.0,0.0
Rebin Sulaka,Defender,Iraq,0.0,0.0,0.09,0.0,0.0,0.0,0.0,2.0,0.0
Redouane Halhal,Defender,Morocco,0.0,0.0,0.0,0.0,0.0,0.0,1.0,4.0,0.0
Reece James,Defender,England,0.0,0.0,0.04,0.0,0.0,2.0,2.0,8.0,0.0
Relebohile Mofokeng,Forward,South Africa,0.0,0.0,0.13,0.0,0.0,5.0,2.0,4.0,0.0
Remo Freuler,Midfielder,Switzerland,0.0,0.0,0.01,0.0,1.0,2.0,5.0,6.0,0.0
Renato Veiga,Defender,Portugal,0.0,0.0,0.0,0.0,0.0,1.0,3.0,9.0,0.0
Ricardo Ade,Defender,Haiti,0.0,0.0,0.16,0.0,0.0,0.0,5.0,11.0,0.0
Ricardo Pepi,Forward,USA,0.0,0.0,0.4,0.0,1.0,2.0,1.0,4.0,0.0
Ricardo Rodriguez,Defender,Switzerland,0.0,0.0,0.0,0.0,0.0,4.0,6.0,16.0,0.0
Richard Ríos,Midfielder,Colombia,0.0,0.0,0.26,1.0,0.0,0.0,2.0,3.0,0.0
Richie Laryea,Defender,Canada,0.0,0.0,0.29,1.0,3.0,5.0,5.0,15.0,0.0
Riechedly Bazoer,Defender,Curaçao,0.0,0.0,0.0,0.0,0.0,0.0,1.0,1.0,0.0
Ritsu Doan,Forward,Japan,0.0,1.0,0.02,0.0,0.0,1.0,2.0,6.0,0.0
Riyad Mahrez,Forward,Algeria,2.0,1.0,1.28,1.0,1.0,5.0,4.0,6.0,0.0
Roberto Alvarado,Forward,Mexico,0.0,2.0,0.08,0.0,3.0,6.0,6.0,6.0,0.0
Robin Hranac,Defender,Czechia,0.0,0.0,0.0,0.0,0.0,0.0,1.0,2.0,0.0
Rodri,Midfielder,Spain,0.0,0.0,0.15,0.0,2.0,4.0,9.0,17.0,0.0
Rodrigo Aguirre,Forward,Uruguay,0.0,0.0,0.0,0.0,0.0,0.0,0.0,0.0,0.0
Rodrigo Bentancur,Midfielder,Uruguay,0.0,0.0,0.33,0.0,4.0,2.0,6.0,29.0,0.0
Rodrigo De Paul,Midfielder,Argentina,0.0,1.0,0.0,0.0,1.0,1.0,4.0,10.0,0.0
Roger Ibanez,Defender,Brazil,0.0,0.0,0.0,0.0,1.0,0.0,2.0,2.0,0.0
Romano Schmid,Midfielder,Austria,1.0,0.0,0.05,0.0,3.0,1.0,4.0,14.0,0.0
Romelu Lukaku,Forward,Belgium,1.0,1.0,0.81,1.0,1.0,1.0,0.0,1.0,0.0
Ronwen Williams,Goalkeeper,South Africa,0.0,0.0,0.0,0.0,0.0,0.0,0.0,8.0,6.0
Roshon van Eijma,Defender,Curaçao,0.0,0.0,0.0,0.0,0.0,0.0,1.0,0.0,0.0
Ross Stewart,Forward,Scotland,0.0,0.0,0.0,0.0,0.0,0.0,0.0,0.0,0.0
Rúben Dias,Defender,Portugal,0.0,0.0,0.0,0.0,2.0,0.0,2.0,5.0,0.0
Rúben Neves,Midfielder,Portugal,0.0,0.0,0.03,0.0,0.0,0.0,0.0,1.0,0.0
Ruben Providence,Forward,Haiti,0.0,0.0,0.14,1.0,5.0,2.0,6.0,9.0,0.0
Ruben Vargas,Forward,Switzerland,2.0,1.0,0.98,2.0,2.0,6.0,3.0,4.0,0.0
Rustam Ashurmatov,Defender,Uzbekistan,0.0,0.0,0.0,0.0,1.0,0.0,2.0,7.0,0.0
Ryan Christie,Midfielder,Scotland,0.0,0.0,0.06,0.0,0.0,0.0,5.0,8.0,0.0
Ryan Gravenberch,Midfielder,Netherlands,0.0,2.0,0.13,0.0,2.0,2.0,4.0,9.0,0.0
Ryan Mendes,Forward,Cape Verde,0.0,0.0,0.19,0.0,4.0,2.0,4.0,14.0,0.0
Ryan Thomas,Midfielder,New Zealand,0.0,0.0,0.0,0.0,0.0,0.0,3.0,2.0,0.0
Saad Al Rousan,Defender,Jordan,0.0,0.0,0.0,0.0,0.0,0.0,0.0,0.0,0.0
Sadio Mané,Forward,Senegal,0.0,1.0,0.63,1.0,6.0,9.0,3.0,10.0,0.0
Saeid Ezatolahi,Midfielder,Iran,0.0,0.0,0.55,1.0,1.0,0.0,6.0,16.0,0.0
Saleem Obaid,Defender,Jordan,0.0,0.0,0.0,0.0,0.0,0.0,2.0,1.0,0.0
Saleh Hardani,Defender,Iran,0.0,0.0,0.0,0.0,0.0,0.0,2.0,2.0,0.0
Salem Al-Dawsari,Forward,Saudi Arabia,0.0,0.0,0.11,0.0,7.0,0.0,5.0,10.0,0.0
Salih Ozcan,Midfielder,Türkiye,0.0,0.0,0.0,0.0,0.0,0.0,3.0,7.0,0.0
Saman Ghoddos,Forward,Iran,0.0,0.0,0.32,0.0,1.0,1.0,7.0,8.0,0.0
Samed Bazdar,Forward,Bosnia and Herzegovina,0.0,0.0,0.0,0.0,1.0,0.0,1.0,2.0,0.0
Samir El Mourabet,Midfielder,Morocco,0.0,0.0,0.0,0.0,1.0,2.0,1.0,1.0,0.0
Samir Sophian Chergui,Defender,Algeria,0.0,0.0,0.0,0.0,0.0,0.0,0.0,0.0,0.0
Samú Costa,Midfielder,Portugal,0.0,0.0,0.0,0.0,0.0,0.0,1.0,1.0,0.0
Samuel Moutoussamy,Midfielder,DR Congo,0.0,0.0,0.1,0.0,1.0,2.0,9.0,7.0,0.0
Sander Berge,Midfielder,Norway,0.0,0.0,0.0,0.0,1.0,0.0,2.0,16.0,0.0
Santiago Arias,Defender,Colombia,0.0,0.0,0.0,0.0,0.0,5.0,3.0,3.0,0.0
Santiago Gimenez,Forward,Mexico,0.0,0.0,0.1,1.0,0.0,0.0,0.0,0.0,0.0
Sarpreet Singh,Forward,New Zealand,0.0,0.0,0.22,0.0,2.0,1.0,1.0,8.0,0.0
Saša Kalajdžić,Forward,Austria,1.0,0.0,0.29,0.0,1.0,1.0,0.0,0.0,0.0
Saud Abdulhamid,Midfielder,Saudi Arabia,0.0,0.0,0.05,0.0,1.0,1.0,11.0,12.0,0.0
Scott McKenna,Defender,Scotland,0.0,0.0,0.0,0.0,0.0,0.0,0.0,0.0,0.0
Scott McTominay,Midfielder,Scotland,0.0,0.0,0.92,1.0,4.0,1.0,2.0,10.0,0.0
Sead Kolasinac,Defender,Bosnia and Herzegovina,0.0,1.0,0.0,0.0,1.0,3.0,6.0,12.0,0.0
Sebastian Berhalter,Midfielder,USA,1.0,1.0,0.07,0.0,1.0,5.0,2.0,11.0,0.0
Sebastián Cáceres,Defender,Uruguay,0.0,0.0,0.15,0.0,0.0,0.0,1.0,8.0,0.0
Sebastian Tounekti,Forward,Tunisia,0.0,0.0,0.0,0.0,0.0,0.0,0.0,1.0,0.0
Seko Fofana,Midfielder,Ivory Coast,0.0,0.0,0.29,0.0,1.0,1.0,0.0,5.0,0.0
Sergino Dest,Defender,USA,0.0,0.0,0.13,0.0,7.0,2.0,0.0,6.0,0.0
Sergio Rochet,Goalkeeper,Uruguay,0.0,0.0,0.0,0.0,0.0,0.0,0.0,6.0,0.0
Seung Ho Paik,Midfielder,South Korea,0.0,0.0,0.0,0.0,0.0,0.0,1.0,3.0,0.0
Shahriar Moghanlou,Forward,Iran,0.0,0.0,0.2,0.0,0.0,2.0,4.0,5.0,0.0
Sherel Constancio Floranus,Defender,Curaçao,0.0,0.0,0.12,0.0,1.0,1.0,9.0,16.0,0.0
Sherzod Esanov,Midfielder,Uzbekistan,0.0,0.0,0.0,0.0,0.0,0.0,0.0,0.0,0.0
Sherzod Nasrullaev,Defender,Uzbekistan,0.0,0.0,0.08,0.0,1.0,0.0,2.0,7.0,0.0
Shogo Taniguchi,Defender,Japan,0.0,0.0,0.0,0.0,0.0,0.0,0.0,2.0,0.0
Shoja Khalilzadeh,Defender,Iran,0.0,0.0,0.15,0.0,0.0,0.0,6.0,12.0,0.0
Shurandy Sambo,Defender,Curaçao,0.0,0.0,0.0,0.0,0.0,0.0,0.0,1.0,0.0
Sidny Lopes Cabral,Defender,Cape Verde,0.0,0.0,0.03,0.0,2.0,1.0,4.0,7.0,0.0
Silvan Widmer,Midfielder,Switzerland,0.0,0.0,0.0,0.0,0.0,0.0,0.0,3.0,0.0
Simon Adingra,Forward,Ivory Coast,0.0,0.0,0.0,0.0,0.0,1.0,0.0,2.0,0.0
Simon Banza,Forward,DR Congo,0.0,0.0,0.0,0.0,0.0,1.0,1.0,1.0,0.0
Siphephelo Sithole,Midfielder,South Africa,0.0,0.0,0.0,0.0,1.0,1.0,0.0,6.0,0.0
Sofyan Amrabat,Midfielder,Morocco,0.0,0.0,0.0,0.0,0.0,0.0,2.0,5.0,0.0
Son Heung-min,Forward,South Korea,0.0,0.0,1.04,1.0,3.0,2.0,1.0,7.0,0.0
Sondre Langås,Defender,Norway,0.0,0.0,0.0,0.0,0.0,0.0,0.0,0.0,0.0
Sontje Hansen,Forward,Curaçao,0.0,0.0,0.03,0.0,0.0,2.0,1.0,2.0,0.0
Soufiane Rahimi,Forward,Morocco,1.0,1.0,0.12,0.0,1.0,1.0,1.0,1.0,0.0
Stefan Posch,Defender,Austria,0.0,0.0,0.17,1.0,0.0,1.0,1.0,7.0,0.0
Stepan Chaloupek,Defender,Czechia,0.0,0.0,0.0,0.0,0.0,0.0,1.0,2.0,0.0
Stephen Eustaquio,Midfielder,Canada,0.0,0.0,0.04,0.0,1.0,4.0,4.0,13.0,0.0
Steve Kapuadi,Defender,DR Congo,0.0,0.0,0.19,0.0,0.0,2.0,1.0,6.0,0.0
Steven Moreira,Defender,Cape Verde,0.0,0.0,0.01,0.0,1.0,0.0,3.0,3.0,0.0
Stjepan Radeljic,Defender,Bosnia and Herzegovina,0.0,0.0,0.02,0.0,0.0,0.0,0.0,2.0,0.0
Sultan Al-Brake,Defender,Qatar,0.0,0.0,0.0,0.0,1.0,1.0,2.0,3.0,0.0
Sultan Mandash,Forward,Saudi Arabia,0.0,0.0,0.0,0.0,0.0,0.0,8.0,1.0,0.0
Taha Abdi Ali,Midfielder,Sweden,0.0,0.0,0.0,0.0,1.0,2.0,0.0,0.0,0.0
Tahith Chong,Forward,Curaçao,0.0,0.0,0.12,0.0,7.0,0.0,2.0,7.0,0.0
Tajon Buchanan,Forward,Canada,0.0,0.0,0.6,1.0,4.0,3.0,5.0,6.0,0.0
Takefusa Kubo,Forward,Japan,0.0,1.0,0.03,0.0,0.0,1.0,0.0,2.0,0.0
Takehiro Tomiyasu,Defender,Japan,0.0,0.0,0.19,1.0,0.0,0.0,2.0,3.0,0.0
Tani Oluwaseyi,Forward,Canada,0.0,0.0,0.28,0.0,2.0,2.0,1.0,3.0,0.0
Tarik Muharemovic,Defender,Bosnia and Herzegovina,0.0,0.0,0.18,0.0,1.0,0.0,1.0,9.0,0.0
Teboho Mokoena,Midfielder,South Africa,1.0,0.0,0.8,0.0,1.0,6.0,2.0,8.0,0.0
Telmo Arcanjo,Forward,Cape Verde,0.0,0.0,0.0,0.0,1.0,2.0,0.0,1.0,0.0
Tete Yengi,Forward,Australia,0.0,0.0,0.07,0.0,0.0,0.0,2.0,1.0,0.0
Teun Koopmeiners,Midfielder,Netherlands,0.0,0.0,0.16,0.0,0.0,1.0,2.0,2.0,0.0
Thalente Mbatha,Midfielder,South Africa,0.0,0.0,0.07,0.0,0.0,0.0,6.0,6.0,0.0
Thapelo Maseko,Forward,South Africa,1.0,0.0,0.53,0.0,3.0,1.0,2.0,6.0,0.0
Thelo Aasgaard,Midfielder,Norway,1.0,0.0,0.14,0.0,0.0,1.0,3.0,4.0,0.0
Themba Zwane,Forward,South Africa,0.0,0.0,0.0,0.0,0.0,0.0,0.0,0.0,0.0
Théo Bongonda,Forward,DR Congo,0.0,0.0,0.07,0.0,1.0,0.0,0.0,1.0,0.0
Theo Hernández,Defender,France,0.0,0.0,0.17,0.0,0.0,1.0,2.0,11.0,0.0
Thiago Almada,Midfielder,Argentina,0.0,0.0,0.07,0.0,1.0,1.0,5.0,9.0,0.0
Thibaut Courtois,Goalkeeper,Belgium,0.0,0.0,0.0,0.0,0.0,0.0,0.0,25.0,6.0
Thomas Meunier,Defender,Belgium,0.0,0.0,0.07,0.0,1.0,1.0,3.0,5.0,0.0
Thomas Partey,Midfielder,Ghana,0.0,0.0,0.0,0.0,1.0,0.0,4.0,4.0,0.0
Tijjani Reijnders,Midfielder,Netherlands,0.0,1.0,0.28,1.0,1.0,5.0,0.0,9.0,0.0
Tim Payne,Defender,New Zealand,0.0,1.0,0.03,0.0,1.0,1.0,4.0,9.0,0.0
Tim Ream,Defender,USA,0.0,0.0,0.0,0.0,1.0,0.0,1.0,8.0,0.0
Tim Weah,Forward,USA,0.0,0.0,0.05,0.0,1.0,0.0,0.0,2.0,0.0
Timothy Castagne,Defender,Belgium,0.0,0.0,0.05,0.0,0.0,4.0,5.0,9.0,0.0
Tomás Araújo,Defender,Portugal,0.0,0.0,0.0,0.0,0.0,1.0,0.0,7.0,0.0
Tomas Chory,Forward,Czechia,0.0,0.0,0.0,0.0,0.0,0.0,0.0,0.0,0.0
Tomas Holes,Defender,Czechia,0.0,0.0,0.0,0.0,1.0,0.0,4.0,6.0,0.0
Tomás Rodríguez,Forward,Panama,0.0,0.0,0.03,0.0,0.0,1.0,0.0,2.0,0.0
Tomas Soucek,Midfielder,Czechia,0.0,0.0,0.28,0.0,0.0,0.0,1.0,3.0,0.0
Tony Ralston,Defender,Scotland,0.0,0.0,0.06,0.0,0.0,1.0,0.0,0.0,0.0
Torbjørn Heggem,Defender,Norway,0.0,0.0,0.0,0.0,1.0,0.0,3.0,4.0,0.0
Tshepang Moremi,Forward,South Africa,0.0,1.0,0.0,0.0,1.0,1.0,1.0,1.0,0.0
Tsuyoshi Watanabe,Defender,Japan,0.0,0.0,0.0,0.0,0.0,1.0,3.0,2.0,0.0
Tyler Adams,Midfielder,USA,0.0,0.0,0.0,0.0,2.0,2.0,6.0,10.0,0.0
Tyler Bindon,Defender,New Zealand,0.0,0.0,0.59,1.0,1.0,0.0,2.0,5.0,0.0
Tyrese Noslin,Forward,Curaçao,0.0,0.0,0.0,0.0,0.0,0.0,0.0,0.0,0.0
Ugurcan Cakir,Goalkeeper,Türkiye,0.0,0.0,0.0,0.0,0.0,0.0,0.0,13.0,8.0
Unai Simón,Goalkeeper,Spain,0.0,0.0,0.0,0.0,0.0,0.0,0.0,38.0,4.0
Utkir Yusupov,Goalkeeper,Uzbekistan,0.0,0.0,0.0,0.0,0.0,0.0,0.0,13.0,1.0
Valentín Barco,Midfielder,Argentina,0.0,0.0,0.0,0.0,0.0,0.0,1.0,2.0,0.0
Victor Lindelof,Defender,Sweden,0.0,0.0,0.33,1.0,0.0,0.0,1.0,5.0,0.0
Viktor Gyokeres,Forward,Sweden,1.0,2.0,0.92,1.0,1.0,8.0,1.0,8.0,0.0
Vinicius Junior,Forward,Brazil,4.0,1.0,3.51,2.0,7.0,5.0,2.0,6.0,0.0
Virgil van Dijk,Defender,Netherlands,1.0,1.0,0.1,0.0,0.0,1.0,1.0,7.0,0.0
Vitinha,Midfielder,Portugal,0.0,0.0,0.05,0.0,2.0,2.0,0.0,13.0,0.0
Vladimir Coufal,Defender,Czechia,0.0,1.0,0.02,0.0,2.0,7.0,1.0,9.0,0.0
Vladimir Darida,Midfielder,Czechia,0.0,0.0,0.15,0.0,2.0,0.0,1.0,5.0,0.0
Vozinha,Goalkeeper,Cape Verde,0.0,0.0,0.0,0.0,0.0,0.0,0.0,35.0,10.0
Wagner Pina,Defender,Cape Verde,0.0,0.0,0.14,0.0,1.0,2.0,0.0,3.0,0.0
Waldemar Anton,Defender,Germany,0.0,0.0,0.0,0.0,0.0,0.0,2.0,1.0,0.0
Weston McKennie,Midfielder,USA,0.0,0.0,0.59,1.0,6.0,7.0,5.0,9.0,0.0
Wilfried Singo,Defender,Ivory Coast,0.0,1.0,0.14,0.0,5.0,1.0,1.0,11.0,0.0
William Saliba,Defender,France,0.0,0.0,0.05,0.0,0.0,0.0,1.0,5.0,0.0
Willian Pacho,Defender,Ecuador,0.0,0.0,0.07,0.0,0.0,0.0,4.0,18.0,0.0
Willy Semedo,Forward,Cape Verde,0.0,0.0,0.05,0.0,2.0,1.0,1.0,4.0,0.0
Wilson Isidor,Forward,Haiti,1.0,0.0,0.15,0.0,0.0,2.0,1.0,2.0,0.0
Xaver Schlager,Midfielder,Austria,0.0,1.0,0.01,0.0,0.0,1.0,6.0,14.0,0.0
Yahia Fofana,Goalkeeper,Ivory Coast,0.0,0.0,0.0,0.0,0.0,0.0,0.0,22.0,8.0
Yan Diomande,Forward,Ivory Coast,0.0,1.0,0.27,0.0,10.0,10.0,10.0,13.0,0.0
Yan Valery,Defender,Tunisia,0.0,0.0,0.0,0.0,4.0,2.0,3.0,5.0,0.0
Yang Hyun-Jun,Forward,South Korea,0.0,0.0,0.26,1.0,0.0,0.0,2.0,2.0,0.0
Yannick Semedo,Midfielder,Cape Verde,0.0,0.0,0.0,0.0,0.0,0.0,1.0,2.0,0.0
Yasin Ayari,Midfielder,Sweden,2.0,0.0,0.3,1.0,2.0,4.0,5.0,12.0,0.0
Yasser Ibrahim,Defender,Egypt,0.0,0.0,0.0,0.0,0.0,0.0,6.0,11.0,0.0
Yassin Fortune,Forward,Haiti,0.0,0.0,0.0,0.0,0.0,0.0,0.0,0.0,0.0
Yazan Al-Arab,Defender,Jordan,0.0,0.0,0.0,0.0,1.0,0.0,5.0,9.0,0.0
Yazeed Abu Laila,Goalkeeper,Jordan,0.0,0.0,0.0,0.0,0.0,0.0,0.0,18.0,8.0
Yéremy Pino,Forward,Spain,0.0,0.0,0.0,0.0,0.0,0.0,0.0,1.0,0.0
Yoane Wissa,Forward,DR Congo,3.0,0.0,1.87,1.0,0.0,1.0,1.0,8.0,0.0
Yoel Bárcenas,Forward,Panama,0.0,0.0,0.08,0.0,3.0,2.0,2.0,15.0,0.0
Young-woo Seol,Defender,South Korea,0.0,0.0,0.1,0.0,0.0,3.0,2.0,10.0,0.0
Youri Tielemans,Midfielder,Belgium,0.0,0.0,0.13,0.0,1.0,6.0,3.0,13.0,0.0
Youssef Amyn,Forward,Iraq,0.0,0.0,0.0,0.0,0.0,0.0,1.0,1.0,0.0
Yuito Suzuki,Forward,Japan,0.0,0.0,0.0,0.0,0.0,0.0,1.0,1.0,0.0
Yukinari Sugawara,Defender,Japan,0.0,0.0,0.17,0.0,0.0,1.0,2.0,4.0,0.0
Yunus Akgun,Forward,Türkiye,0.0,0.0,0.0,0.0,1.0,2.0,0.0,3.0,0.0
Yusuf Abdurisag,Forward,Qatar,0.0,0.0,0.0,0.0,0.0,1.0,4.0,6.0,0.0
Yuto Nagatomo,Defender,Japan,0.0,0.0,0.0,0.0,0.0,0.0,0.0,0.0,0.0
Zaid Ismail,Midfielder,Iraq,0.0,0.0,0.0,0.0,0.0,0.0,7.0,9.0,0.0
Zaid Tahseen,Defender,Iraq,0.0,0.0,0.12,0.0,0.0,0.0,1.0,4.0,0.0
Zeki Amdouni,Forward,Switzerland,0.0,0.0,0.02,0.0,1.0,1.0,1.0,0.0,0.0
Zeki Celik,Defender,Türkiye,0.0,0.0,0.1,1.0,0.0,0.0,5.0,9.0,0.0
Zidane Iqbal,Midfielder,Iraq,0.0,0.0,0.0,0.0,6.0,1.0,4.0,8.0,0.0
Zineddine Belaid,Defender,Algeria,0.0,0.0,0.0,0.0,0.0,1.0,1.0,1.0,0.0
Zion Suzuki,Goalkeeper,Japan,0.0,0.0,0.0,0.0,0.0,0.0,0.0,16.0,8.0
Zizo,Forward,Egypt,0.0,0.0,0.22,1.0,1.0,1.0,1.0,1.0,0.0
